"chapter","question","choice1","choice2","choice3","choice4","answer","explanation","explanation1","explanation2","explanation3","explanation4"
"1章：AI","転移学習について、以下の選択肢から適切なものを選べ。","新しいタスクごとにパラメータを初期化して一から学習する手法","既存タスクで獲得した知識を別の関連タスクに応用する手法","複数タスクを同時に学習し、相互の特徴を活用する手法","モデルの層を動的に変更して最適化する手法","2","転移学習は、すでに学習済みのモデルの知識を新たな関連タスクに転用することで、少量のデータでも高い性能を発揮する技術です。","① 新規タスクごとに一から学習するのはゼロからの学習です。","② 正解。既存の知識を活用するのが転移学習の本質です。","③ これはマルチタスク学習に近い考え方ですが、転移学習とは区別されます。","④ 層の動的変更は定義に含まれません。"
"1章：AI","過学習について、以下の選択肢から適切なものを選べ。","訓練データを部分的に忘れてしまう現象","訓練データとテストデータ間の性能差が縮まる現象","訓練データに過度に適合し、未知データでの汎化性能が低下する現象","学習が全く進まず性能が停滞する現象","3","過学習は、モデルが訓練データのノイズまで学習してしまい、新しいデータに対して正確な予測ができなくなる現象です。","① 部分的な忘却は起こりません。","② 性能差が縮まるのは理想的な状態です。","③ 正解。過学習は汎化性能の低下を招きます。","④ 学習停滞は別の問題です。"
"1章：AI","ドロップアウトについて、以下の選択肢から適切なものを選べ。","学習率の更新方法","一定確率でニューロンを無効化し、過学習を抑制する技術","ネットワークの層をランダムに削除する技術","入力データの一部をランダムに除去する技術","2","ドロップアウトは、学習時に各ニューロンを一定の確率で無効化することで、特定のニューロンへの依存を避け、過学習を抑制する正則化手法です。","① 学習率の更新とは無関係です。","② 正解。ニューロン無効化が特徴です。","③ 層全体を削除するのは誤りです。","④ 入力除去は別の手法です。"
"1章：AI","正則化について、以下の選択肢から適切なものを選べ。","データの前処理技術","学習率を最適化する手法","モデルの複雑さを抑制し、過学習を防ぐ手法","ネットワークの層を削減する手法","3","正則化は、パラメータにペナルティを課すなどしてモデルの複雑さを制御し、過学習を防ぐ技術です。","① 前処理とは異なります。","② 学習率最適化は別の技術です。","③ 正解。モデルの複雑性を制御するのが目的です。","④ 層削減はアーキテクチャの変更です。"
"1章：AI","情報の重み付けについて、以下の選択肢から適切なものを選べ。","入力データの各要素に均一な重みを与える処理","入力データに対し、重要度に応じた重みを付与する処理","データのスケーリングを行う処理","データのノイズを除去する処理","2","情報の重み付けは、各入力の重要性に基づいて重み（係数）を割り当け、モデルが重要な情報に注力できるようにする処理です。","① 均一な重み付けでは情報の違いが反映されません。","② 正解。入力の重要度に応じた重み付けが本質です。","③ 不正解：これは『正規化』と呼ばれる、データのスケーリング処理です。正規化は各データの値を一定の範囲に収める前処理であり、重み付けとは目的が異なります。","④ ノイズ除去は別の前処理です。"
"1章：AI","重みについて、以下の選択肢から適切なものを選べ。","入力信号の強さを調整するための固定パラメータ","データの前処理に用いる統計量","ニューラルネットワーク内で各接続の影響度を調整するパラメータ","ネットワーク出力を決定するための閾値","3","重みは、ニューラルネットワークにおいて各接続がどの程度入力を伝達するかを決定する学習可能なパラメータです。","① 固定パラメータではなく、学習で更新されます。","② 統計量とは異なります。","③ 正解。各接続の影響度を動的に調整します。","④ 閾値はバイアス項と区別されます。"
"1章：AI","ディープラーニングについて、以下の選択肢から適切なものを選べ。","複数層からなるニューラルネットワークを用いる機械学習手法","単一層でシンプルなパターン認識を行う手法","ルールベースのアルゴリズムに基づく手法","伝統的な統計解析に基づく手法","1","ディープラーニングは、複数の層を持つニューラルネットワークを用いて自動的に特徴を抽出し、複雑なパターンを学習する手法です。","① 正解。多層構造が特徴です。","② 単層ではディープラーニングとは呼べません。","③ 不正解：これは『ルールベース』システムの説明です。ルールベースはあらかじめ定義されたif-thenルールに従って動作するのに対し、ディープラーニングは大量データから自動で特徴を学習します。","④ 統計解析は従来の手法であり、ディープラーニングとは異なります。"
"1章：AI","ニューラルネットワークについて、以下の選択肢から適切なものを選べ。","人間の脳の構造を模倣した計算モデル","データの単純な統計的解析を行う手法","複数のニューロンで構成され、情報の伝達と変換を行う計算モデル","ルールに基づく推論システム","3","ニューラルネットワークは、入力層・隠れ層・出力層から構成され、学習を通じてパラメータ（重み）が自動調整される計算モデルです。","① 脳の構造の模倣という側面はありますが、学習機構が重要です。","② 統計解析手法とは異なります。","③ 正解。多数のニューロンが情報を処理します。","④ 不正解：これは『ルールベース』システムの説明です。ルールベースは人手で定義された規則に基づくのに対し、ニューラルネットワークはデータに基づく学習で動作します。"
"1章：AI","人工ニューロン(ノード)について、以下の選択肢から適切なものを選べ。","入力を受け取り、重み付けと活性化関数で出力を生成する基本計算ユニット","データの保存や伝達を行うユニット","ネットワーク内でパラメータ更新を担当するユニット","外部からの信号を単に伝達するユニット","1","人工ニューロンは、入力信号に対して重みを掛け、活性化関数を通して出力を生成するニューラルネットワークの基本単位です。","① 正解。基本的な計算機能を果たします。","② 保存や伝達は行いません。","③ パラメータ更新は学習アルゴリズムが行います。","④ 単なる信号伝達ではありません。"
"1章：AI","シナプスについて、以下の選択肢から適切なものを選べ。","ニューロン間の接続部で、信号伝達強度を調整する役割を持つ","ニューロン内部の情報処理部位","入力信号を選別するフィルタ機能","出力信号生成の主要部位","1","シナプスは、ニューロン間の接続部分であり、伝達される信号の強度を調整する重みとして機能します。","① 正解。接続部としての役割が本質です。","② ニューロン内部の処理とは異なります。","③ フィルタ機能とは言えません。","④ 出力生成自体はニューロンの役割です。"
"1章：AI","ニューロンについて、以下の選択肢から適切なものを選べ。","情報を一方向に伝達するパッシブな単位","入力信号を受け、重み付けと活性化関数で処理する能動的な演算ユニット","単にデータを転送するノード","学習時のみ活性化するユニット","2","ニューロンは、入力信号を受け取り、重みと活性化関数を通じて情報を処理する能動的な演算ユニットです。","① 単なる伝達ではなく、処理が行われます。","② 正解。能動的な処理が本質です。","③ 転送のみではありません。","④ 学習時に限定されません。"
"1章：AI","ノーフリーランチ定理について、以下の選択肢から適切なものを選べ。","ある特定タスクに対してのみ最適なアルゴリズムが存在する","全てのアルゴリズムは平均すると同等の性能を示す","どのアルゴリズムも全問題に対して一律に最適ではなく、タスクによって最適なアルゴリズムは異なる","単一のアルゴリズムが全問題で最も効率的である","3","ノーフリーランチ定理は、どのアルゴリズムもすべての問題に対して最適ではないことを示し、タスクごとに適した手法が必要であると説いています。","① 特定タスクのみでは不十分です。","② 平均同等という主張は誤りです。","③ 正解。タスク依存性が本質です。","④ 万能アルゴリズムは存在しません。"
"1章：AI","半教師あり学習について、以下の選択肢から適切なものを選べ。","ラベル付きデータとラベルなしデータを組み合わせて学習する手法","ラベル付きデータのみを利用する手法","ラベルなしデータのみでクラスタリングを行う手法","強化学習の一種として報酬を用いる手法","1","半教師あり学習は、少量のラベル付きデータと大量のラベルなしデータを組み合わせることで、効率的に学習を進める手法です。","① 正解。両データを併用する点が特徴です。","② 不正解：これは教師あり学習です。教師あり学習はラベル付きデータのみを使用します。","③ 不正解：これは教師なし学習、特にクラスタリングの手法です。","④ 不正解：これは強化学習の手法で、報酬に基づいて学習します。"
"1章：AI","強化学習について、以下の選択肢から適切なものを選べ。","エージェントが環境との相互作用を通じて、報酬を最大化する行動を学習する手法","大量の教師データを基に学習する手法","ラベルなしでデータのクラスタリングを行う手法","データの特徴抽出に特化した手法","1","強化学習は、エージェントが環境との相互作用から得られる報酬を最大化するために行動を学習する手法です。","① 正解。環境との相互作用が基本です。","② 不正解：これは教師あり学習の手法です。","③ 不正解：これは教師なし学習、クラスタリングの手法です。","④ 不正解：特徴抽出のみが目的ではありません。"
"1章：AI","次元削減について、以下の選択肢から適切なものを選べ。","高次元データのノイズを除去する技術","データの本質的構造を保持しながら次元を削減する技術","データを増やして高次元空間にマッピングする技術","特徴量の自動生成を行う技術","2","次元削減は、データの重要な情報をできるだけ保ちつつ、次元数を減らして計算効率や視覚化を向上させる技術です。","① ノイズ除去とは目的が異なります。","② 正解。情報保持しながら次元を削減します。","③ 逆の操作です。","④ 特徴生成とは異なります。"
"1章：AI","クラスタリングについて、以下の選択肢から適切なものを選べ。","データを既存のラベルに従って分類する手法","事前に定義されたクラスに割り当てる手法","データ間の類似性に基づいて自然にグループ化する教師なし学習手法","新たなデータ特徴を生成する手法","3","クラスタリングは、ラベルなしデータに対して、データ間の類似性をもとに自動的にグループ化する教師なし学習手法です。","① 不正解：これは教師あり分類です。","② 不正解：事前定義された分類は教師あり学習です。","③ 正解。ラベルなしでグループ化します。","④ 不正解：これは特徴生成とは異なります。"
"1章：AI","教師なし学習について、以下の選択肢から適切なものを選べ。","ラベル付きデータを使用する手法","ラベルなしデータから内在するパターンを発見する手法","報酬に基づいた学習手法","外部の指示に従って学習する手法","2","教師なし学習は、ラベルのないデータから隠れたパターンや構造を自動的に見出す手法です。","① 不正解：これは教師あり学習です。","② 正解。ラベルなしでパターン抽出を行います。","③ 不正解：これは強化学習の手法です。","④ 不正解：これは教師あり学習に近い手法です。"
"1章：AI","教師あり学習について、以下の選択肢から適切なものを選べ。","ラベルなしデータを用いる手法","データ間の類似性を分析する手法","環境との相互作用を通じて学習する手法","入力データとその正解（ラベル）のペアを用いて学習する手法","4","教師あり学習は、入力データと正解ラベルのペアを用いて、モデルのパラメータを最適化する手法です。","① 不正解：これは教師なし学習です。","② 不正解：これはクラスタリングなどの手法です。","③ 不正解：これは強化学習の手法です。","④ 正解。正解ラベルを利用して学習します。"
"1章：AI","学習済みモデルについて、以下の選択肢から適切なものを選べ。","学習プロセスが始まったばかりの初期モデル","特定タスクに対して十分な学習が完了したモデル","まだ訓練が不十分な途中段階のモデル","テスト専用に調整されたモデル","2","学習済みモデルとは、あるタスクに対して必要な学習が完了しており、実際に予測や分類に使用できる状態のモデルです。","① 初期段階のモデルではありません。","② 正解。十分に学習済みのモデルです。","③ 途中段階のものではありません。","④ 評価用と区別されます。"
"1章：AI","機械学習について、以下の選択肢から適切なものを選べ。","データからパターンや規則性を自動的に学習し、予測や意思決定を行う技術","人間が明示的にルールをプログラムする技術","単なる統計解析に基づくデータ処理手法","固定的なアルゴリズムによる情報処理システム","1","機械学習は、データから自動的にパターンを抽出し、学習・予測を行う技術です。","① 正解。自動学習が本質です。","② 不正解：これは『ルールベース』プログラミングの手法です。ルールベースは、あらかじめ定義された規則に従います。","③ 不正解：単なる統計解析だけでは機械学習の自動学習性は実現できません。","④ 不正解：固定的なアルゴリズムは柔軟性に欠けます。"
"1章：AI","ルールベースについて、以下の選択肢から適切なものを選べ。","あらかじめ定義されたif-thenルールに基づいて動作するシステム","データから自動的に規則を抽出するシステム","統計的な学習に基づく意思決定システム","ニューラルネットワークを用いた学習システム","1","ルールベースシステムは、専門家があらかじめ定義したif-thenルールに従って動作し、問題解決を行います。","① 正解。事前定義された規則が特徴です。","② 不正解：これはデータ駆動型の学習手法に近く、ルールベースとは異なります。","③ 不正解：統計的学習とは異なります。","④ 不正解：これはディープラーニング、すなわちニューラルネットワークを用いる手法であり、ルールベースとは全く異なります。"
"1章：AI","ダートマス会議について、以下の選択肢から適切なものを選べ。","1960年代に開催され、エキスパートシステムの発展に寄与した会議","1980年代のAIブームの転機となった会議","1956年に開催され、AIという概念と用語が初めて公に提唱された歴史的会議","2000年代に行われた、ディープラーニング進展を示す会議","3","ダートマス会議は、1956年に開催され、人工知能という用語が初めて用いられた歴史的な会議です。","① 1960年代ではありません。","② 1980年代は第二次ブームの時期です。","③ 正解。1956年の会議が起点です。","④ 2000年代は該当しません。"
"1章：AI","AI(人工知能)について、以下の選択肢から適切なものを選べ。","単純なデータ処理を高速に行う技術","物理的なロボット工学のみを指す技術","統計的なデータ分析に基づくシステム","人間の知的活動（学習、推論、認識など）を模倣し実現する技術全般","4","AIは、人間の知的プロセスを模倣し、学習・推論・認識などを実現する技術の総称です。","① データ処理のみでは不十分です。","② ロボット工学は一部に過ぎません。","③ 統計解析だけでは表現できません。","④ 正解。知的活動全般を含みます。"
"1章：AI","AGI(強いAI)について、以下の選択肢から適切なものを選べ。","特定のタスクに特化したAI","人間並みまたはそれ以上の汎用的知能を持つAI","シンプルなデータ処理を行うAI","自己学習機能のみを備えた限定的なAI","2","AGIは、あらゆるタスクに柔軟に対応できる汎用的な知能を持つ理想的なAIです。","① 不正解：これは特定タスクに特化したANI(弱いAI)の説明です。AGIはより広範な知能を求められます。","② 正解。汎用性がAGIの定義です。","③ 不正解：単純なデータ処理では汎用性は実現できません。","④ 不正解：限定的な機能ではAGIとは言えません。"
"1章：AI","ANI(弱いAI)について、以下の選択肢から適切なものを選べ。","人間と同等以上の知能を持つAI","あらゆるタスクを解決できる万能AI","特定のタスクに限定された機能を持つ、現実に普及しているAIシステム","自己進化し続けるAI","3","ANIは、特定のタスクに特化して設計された現実的なAIシステムであり、万能ではありません。","① 不正解：これはAGIの定義に近いですが、現実のANIは限定的です。","② 不正解：万能なAIは存在せず、あくまでAGIの理想です。","③ 正解。限定された機能が現実のANIの特徴です。","④ 不正解：自己進化するAIは現状のANIの特徴ではありません。"
"1章：AI","特徴量について、以下の選択肢から適切なものを選べ。","データの形式や型を示す情報","データ中の有用な特性や属性を数値化したもの","データを保存するための構造","モデルの出力を調整するパラメータ","2","特徴量は、機械学習モデルの入力として利用される、データ中の有用な特性を定量化したものです。","① 形式や型は別の情報です。","② 正解。特徴抽出が目的です。","③ 保存用構造ではありません。","④ 出力調整はパラメータの役割です。"
"1章：AI","ビッグデータについて、以下の選択肢から適切なものを選べ。","大量かつ多様で高速処理が求められるデータ群","小規模で整然としたデータ集合","構造化データのみを扱うデータ群","単一種類のデータのみからなるデータ群","1","ビッグデータは、従来の手法では処理が難しいほど大規模かつ多様なデータ群を指し、Volume、Variety、Velocityの3Vで特徴付けられます。","① 正解。大規模・多様なデータが特徴です。","② 小規模ではありません。","③ 構造化・非構造化両方を含みます。","④ 単一種類ではありません。"
"1章：AI","第三次AIブームについて、以下の選択肢から適切なものを選べ。","初期のルールベースシステムが注目された時期","ディープラーニングの進展とビッグデータ、計算能力向上により再注目された現代のAIブーム","1960年代のシンボリックAIの時代","完全なAGI実現を目指す研究の時代","2","第三次AIブームは、ディープラーニングの進展と計算資源の向上により、現代のAIが急速に発展した時期です。","① ルールベースは第一次や第二次の特徴です。","② 正解。現代技術革新が背景です。","③ 1960年代はシンボリックAIの時代です。","④ AGIは未実現です。"
"1章：AI","AIの冬について、以下の選択肢から適切なものを選べ。","AI研究への投資や関心が低下し、開発が停滞した時期","AI技術が急速に発展した時期","AIが実用化され始めた時期","AIに関する法整備が進んだ時期","1","AIの冬とは、技術的限界や期待外れにより、AI研究への投資や関心が大幅に低下した期間を指します。","① 正解。停滞期の特徴です。","② 急速な発展期ではありません。","③ 実用化が進む時期ではありません。","④ 法整備とは無関係です。"
"1章：AI","エキスパートシステムについて、以下の選択肢から適切なものを選べ。","専門家の知識をルール化して問題解決に応用するシステム","大量のデータを用いて自動学習するシステム","単一アルゴリズムによる意思決定システム","ニューラルネットワークに基づく自己学習システム","1","エキスパートシステムは、専門家の知識をあらかじめ定義されたif-thenルールとして実装し、問題解決を行うシステムです。","① 正解。ルール化された知識が特徴です。","② 不正解：これは機械学習、特に自動学習システムの説明です。","③ 不正解：単一アルゴリズムではありません。","④ 不正解：これはディープラーニングの一例であり、エキスパートシステムとは異なります。"
"1章：AI","第二次AIブームについて、以下の選択肢から適切なものを選べ。","エキスパートシステムや知識工学が注目された1980年代の時期","ディープラーニングにより再興した現代のブーム","初期のパーセプトロンブーム","2010年代のビッグデータ活用ブーム","1","第二次AIブームは、1980年代にエキスパートシステムや知識工学の発展により、実用的なAIシステムが構築された時期です。","① 正解。エキスパートシステムが中心でした。","② 現代のブームは第三次です。","③ 初期のパーセプトロンは第一次です。","④ 2010年代はまた別の時期です。"
"1章：AI","推論について、以下の選択肢から適切なものを選べ。","既知の情報や規則から新たな結論を論理的に導く過程","大量のデータを単純に処理する行程","データの保存と管理を行う過程","プログラムの実行手順を示す過程","1","推論は、既存の知識や規則を基に、新たな結論や知識を導出する論理的な過程です。","① 正解。論理的導出が本質です。","② 単純処理ではありません。","③ 保存管理はデータベースの役割です。","④ 実行手順はプログラムフローの問題です。"
"1章：AI","探索について、以下の選択肢から適切なものを選べ。","ランダムに解を試す手法","問題解決のために可能な選択肢を体系的に調査する手法","既存のデータからパターンを抽出する手法","データベース内の情報を検索する手法","2","探索は、問題解決のために可能な選択肢を体系的に検討し、最適な解を見つけ出すプロセスです。","① ランダムな試行ではありません。","② 正解。体系的な調査が特徴です。","③ パターン抽出はクラスタリングの手法です。","④ 単なる検索とは異なります。"
"1章：AI","第一次AIブームについて、以下の選択肢から適切なものを選べ。","1950年代後半から1960年代初頭にかけて、探索と推論を中心に進められた初期のAI研究の時期","1980年代のエキスパートシステムの時代","現在のディープラーニングによるブーム","2000年代のビッグデータ時代","1","第一次AIブームは、1950年代～1960年代に、探索や推論を中心とした初期のAI研究が盛んだった時期です。","① 正解。初期研究が特徴です。","② 1980年代は第二次の特徴です。","③ 現代は第三次です。","④ 2000年代は別の時期です。"
"1章：AI","AI効果について、以下の選択肢から適切なものを選べ。","AIの性能が指数関数的に向上する現象","AI導入による経済効果の波及現象","AI技術が普及するにつれて、その存在が当たり前になり、革新性が薄れる現象","AIが学習した結果、自己改善する現象","3","AI効果は、かつては画期的とされたAI技術が一般化するにつれて、その革新性が評価されなくなる現象を指します。","① 性能向上とは別問題です。","② 経済効果とは異なります。","③ 正解。普及により「AIではない」と判断される現象です。","④ 自己改善は別の概念です。"
"1章：AI","2045年問題について、以下の選択肢から適切なものを選べ。","レイ・カーツワイルが予測した、AIが人間の知能を超えるシンギュラリティ到来の時期","地球温暖化による環境問題の臨界点","人口動態の転換点","経済危機が顕在化する時期","1","2045年問題は、未来学者レイ・カーツワイルが予測した、技術的特異点（シンギュラリティ）の到来時期に関連する議論です。","① 正解。シンギュラリティが主題です。","② 地球温暖化は対象外です。","③ 人口動態は関係ありません。","④ 経済危機も対象外です。"
"1章：AI","レイ・カーツワイルについて、以下の選択肢から適切なものを選べ。","シンギュラリティの概念を最初に提唱した数学者","シンギュラリティ到来を2045年と予測した未来学者","初期のニューラルネットワークの開発者","コンピュータのハードウェア設計者","2","レイ・カーツワイルは、技術の指数関数的進展を予測し、シンギュラリティの到来時期を2045年と主張した未来学者です。","① 数学者ではありません。","② 正解。未来学者としての予測が特徴です。","③ 開発者ではありません。","④ ハードウェア設計は専門外です。"
"1章：AI","ヴァーナー・ヴィンジについて、以下の選択肢から適切なものを選べ。","シンギュラリティの概念を最初に提唱した数学者","ディープラーニングの先駆者","インターネットの発明者","シンギュラリティという概念を広めたSF作家・研究者","4","ヴァーナー・ヴィンジは、シンギュラリティの概念を提唱し、広めたSF作家・研究者です。","① 数学者ではありません。","② ディープラーニング先駆者ではありません。","③ インターネット発明者ではありません。","④ 正解。概念普及に貢献しました。"
"1章：AI","シンギュラリティ(技術的特異点)について、以下の選択肢から適切なものを選べ。","コンピュータの処理速度が物理的限界に達する現象","AIが人間の知能を超え、急激な技術革新が起こる転換点","インターネット普及率が臨界点に達する現象","デジタル情報が全て集約される現象","2","シンギュラリティは、AIが人間の知能を超え、予測不可能な急速な技術進展をもたらす転換点を意味します。","① 物理的速度の限界ではありません。","② 正解。知能超越と急速な革新が本質です。","③ インターネット普及は対象外です。","④ 情報集約とは異なります。"
"2章：生成AI","ALBERT (a Lite BERT)について、以下の選択肢から適切なものを選べ。","画像認識に特化した軽量モデル","BERTを軽量化しつつ同等の性能を維持する言語モデル","音声認識用のコンパクトなモデル","大規模なデータ圧縮を行うモデル","2","ALBERTは、BERTモデルのパラメータを削減し、計算効率を向上させると同時に、同等の性能を維持することを目的とした言語モデルです。","① 画像認識は対象外です。","② 正解。軽量かつ高性能が特徴です。","③ 音声認識は目的外です。","④ データ圧縮とは異なります。"
"2章：生成AI","RoBERTaについて、以下の選択肢から適切なものを選べ。","BERTの学習手法を改良し、より最適な性能を実現した言語モデル","画像生成に特化したモデル","音声合成用のモデル","テキスト要約専用のモデル","1","RoBERTaは、BERTの事前学習プロセスを最適化し、性能向上を実現した言語モデルです。","① 正解。学習手法改良が鍵です。","② 画像生成は対象外です。","③ 音声合成は目的外です。","④ テキスト要約専用ではありません。"
"2章：生成AI","NSP (Next Sentence Prediction)について、以下の選択肢から適切なものを選べ。","文中の隠された単語を予測するタスク","文章全体の要約を行うタスク","各単語の品詞を予測するタスク","二つの文が元々連続しているかどうかを判断するタスク","4","NSPは、BERTの事前学習タスクのひとつで、二つの文が連続しているか否かを判断することで文脈を学習します。","① これはMLMのタスクです。","② 要約タスクではありません。","③ 品詞予測は異なるタスクです。","④ 正解。連続性の判断が目的です。"
"2章：生成AI","MLM (Masked Language Model)について、以下の選択肢から適切なものを選べ。","文章中の一部単語を隠し、その単語を予測することで文脈を学習する手法","文章全体の生成を行う手法","文章の要約を作成する手法","各単語の出現確率を直接計算する手法","1","MLMは、文章中の特定の単語をマスクし、その隠された単語を予測することで文脈情報を学習する手法です。","① 正解。マスクされた単語の予測が目的です。","② 文章生成は別タスクです。","③ 要約は対象外です。","④ 直接計算ではなく予測タスクです。"
"2章：生成AI","BERTモデルについて、以下の選択肢から適切なものを選べ。","一方向の文脈を考慮する事前学習済みモデル","画像認識に特化したTransformerモデル","双方向の文脈を考慮し、豊富な事前学習で文脈理解を実現する言語モデル","機械翻訳専用のTransformerモデル","3","BERTは、Transformerのエンコーダ構造を基盤に、双方向の文脈情報を利用して言語理解を実現するモデルです。","① 一方向ではなく双方向です。","② 画像認識は対象外です。","③ 正解。双方向文脈が特徴です。","④ 機械翻訳専用ではありません。"
"2章：生成AI","Open AIについて、以下の選択肢から適切なものを選べ。","ChatGPTやGPTシリーズを開発したAI研究企業","Googleの親会社","Microsoftの子会社","Metaの研究部門","1","Open AIは、GPTシリーズやChatGPTなどの革新的な言語モデルを開発しているAI研究企業です。","① 正解。先進的な言語モデルが特徴です。","② Googleとは異なります。","③ Microsoftの子会社ではありません。","④ Metaの部門ではありません。"
"2章：生成AI","GPTモデルについて、以下の選択肢から適切なものを選べ。","画像生成を目的としたTransformerモデル","大規模な言語モデルであり、文章生成や理解に優れたTransformerベースのモデル","データ圧縮専用のモデル","分類タスクに特化した小規模モデル","2","GPTモデルは、Transformerのデコーダ構造を利用した大規模な言語モデルで、自然な文章生成や多様なタスクに対応します。","① 画像生成は対象外です。","② 正解。自然言語処理に優れたモデルです。","③ 圧縮専用ではありません。","④ 小規模モデルではありません。"
"2章：生成AI","アーキテクチャについて、以下の選択肢から適切なものを選べ。","システムやモデルの基本設計・構造を定義する概念","具体的なプログラムコードの実装手法","データ保存や管理の方式","ユーザーインターフェースのデザイン手法","1","アーキテクチャは、システムやモデルの構成要素とその相互関係を定義する基本設計概念です。","① 正解。基本設計の概念です。","② 実装手法とは異なります。","③ データ管理は含みません。","④ UIデザインは無関係です。"
"2章：生成AI","位置エンコーディングについて、以下の選択肢から適切なものを選べ。","系列データの位置情報を数値的に表現して順序を保持する技術","データ圧縮技術の一種","画像のエンコード方法","音声の特徴抽出技術","1","位置エンコーディングは、Transformerなどのモデルで系列データの順序情報を保持するために、各位置を数値ベクトルに変換する技術です。","① 正解。順序情報保持が目的です。","② 圧縮技術とは異なります。","③ 画像エンコードは対象外です。","④ 音声特徴抽出とは異なります。"
"2章：生成AI","Attention Mechanismについて、以下の選択肢から適切なものを選べ。","入力の全ての部分に均等な重みを与える機構","出力層でのみ作用する機構","入力中で重要な部分に重点的な重みを割り当て、文脈情報を強調する機構","単にデータの順序を固定するための機構","3","Attention Mechanismは、入力中の重要な部分に重点的な重みを与え、情報の重要度を強調する手法です。","① 均等な重み付けは行いません。","② 出力層のみではありません。","③ 正解。重要部分への注目が本質です。","④ 順序固定が目的ではありません。"
"2章：生成AI","self-attention(自己注意力)について、以下の選択肢から適切なものを選べ。","同一系列内の各要素間の相互関係を計算する機構","外部データとの関連性を評価する機構","固定的な重みを用いるシンプルな注意機構","ランダムに注意を割り当てる手法","1","self-attentionは、同一系列内の要素間の関係性を動的に計算し、各要素が他からどの程度情報を得るかを決定する機構です。","① 正解。内部相互関係の計算が本質です。","② 外部データは対象外です。","③ 重みは動的に計算されます。","④ ランダムな割当ては行いません。"
"2章：生成AI","Transformerモデルについて、以下の選択肢から適切なものを選べ。","従来の再帰型ニューラルネットワーク","self-attentionを中核に並列処理が可能な革新的なニューラルネットワークアーキテクチャ","単純なフィードフォワードネットワーク","画像認識専用の畳み込みネットワーク","2","Transformerは、self-attention機構を核として、大規模な並列処理が可能な革新的なニューラルネットワークアーキテクチャです。","① 従来のRNNとは異なります。","② 正解。self-attentionが核心です。","③ 単純なFFNではありません。","④ CNNは画像認識向けです。"
"2章：生成AI","LSTM(長・短期記憶)について、以下の選択肢から適切なものを選べ。","長期依存性の学習を可能にする、内部にゲート機構を持つRNN","単純な順伝播型ネットワーク","入力の全要素を均等に扱うRNN","データ保存専用のネットワーク","1","LSTMは、内部にゲート機構を備え、従来のRNNの勾配消失問題を回避しながら長期依存性を学習できるモデルです。","① 正解。ゲート機構が特徴です。","② 単純な順伝播型ではありません。","③ 均等処理は行いません。","④ 保存専用ではありません。"
"2章：生成AI","シーケンスデータについて、以下の選択肢から適切なものを選べ。","時系列や文脈を持つ連続的なデータ列","順序に依存しない独立したデータ集合","ランダムに分散したデータ点の集まり","静的な画像データの集合","1","シーケンスデータは、時間的または論理的な順序を持つ連続したデータ列（例：テキスト、音声、時系列データ）です。","① 正解。連続性が重要です。","② 独立したデータではありません。","③ ランダムな集まりではありません。","④ 静的な画像データは対象外です。"
"2章：生成AI","隠れ層について、以下の選択肢から適切なものを選べ。","入力層と出力層の間に位置し、特徴抽出・変換を行う層","データの入力そのものを受け取る層","最終的な結果を生成する層","ネットワーク外部との通信を担当する層","1","隠れ層は、入力層と出力層の間で、データの特徴抽出や変換を行う中間層です。","① 正解。特徴抽出が主な役割です。","② 入力層とは異なります。","③ 出力層ではありません。","④ 通信は担当しません。"
"2章：生成AI","RNN(回帰型ニューラルネットワーク)について、以下の選択肢から適切なものを選べ。","過去の情報を内部に保持し、時系列データを順次処理するネットワーク","単純な順伝播型ネットワーク","画像データの特徴抽出に特化したネットワーク","大規模データを高速に処理するネットワーク","1","RNNは、内部状態を保持しながら時系列データを逐次的に処理することで、過去の情報を利用するネットワークです。","① 正解。内部状態保持が特徴です。","② 単純なFFNとは異なります。","③ 画像処理は主にCNNです。","④ 高速処理は主目的ではありません。"
"2章：生成AI","識別器について、以下の選択肢から適切なものを選べ。","新しいデータを生成するモデル","入力データを特定カテゴリーに分類・判別するモデル","データの保存や管理を行うシステム","データを他の形式に変換するシステム","2","識別器は、入力データを解析し、あらかじめ定義されたカテゴリーに分類・判別するモデルです。","① 生成は生成器の役割です。","② 正解。分類・判別が本質です。","③ 保存はシステムの機能です。","④ 変換は別の処理です。"
"2章：生成AI","生成機について、以下の選択肢から適切なものを選べ。","入力データを解析し分類するモデル","識別器と同様にデータを分類するモデル","データの保存や検索を行うシステム","学習したデータ分布をもとに新たなデータサンプルを生成するモデル","4","生成機（ジェネレーター）は、学習したデータの分布から新たなサンプルを生成するモデルです。","① 分類は識別器の役割です。","② 同様ではありません。","③ 保存・検索はシステム機能です。","④ 正解。生成が本質です。"
"2章：生成AI","GAN(敵対的生成ネットワーク)について、以下の選択肢から適切なものを選べ。","生成機と識別器が協力して学習するモデル","単独でデータ生成を行うモデル","生成機と識別器が対立しながら学習し、本物に近いデータ生成を目指すモデル","データ圧縮と再構成を行うモデル","3","GANは、生成機と識別器が敵対的に学習し合うことで、双方の性能向上を図り、より本物に近いデータを生成するモデルです。","① 協力ではなく対立が本質です。","② 単独では生成できません。","③ 正解。敵対学習が特徴です。","④ 圧縮再構成はVAEの特徴です。"
"2章：生成AI","潜在ベクトルについて、以下の選択肢から適切なものを選べ。","高次元データの本質的特徴を低次元空間に圧縮して表現したベクトル","物理的な空間における位置情報を示すベクトル","ランダムに生成されたベクトル集合","データを保存するための固定長符号","1","潜在ベクトルは、高次元データの重要な特徴を低次元の空間に圧縮して表現したものです。","① 正解。特徴抽出と圧縮が目的です。","② 物理的な位置情報とは異なります。","③ ランダムな生成ではありません。","④ 保存用符号とは異なります。"
"2章：生成AI","デコーダについて、以下の選択肢から適切なものを選べ。","入力データを圧縮して潜在表現に変換する部分","潜在表現から元のデータ形式へ再構成する部分","学習データを圧縮するアルゴリズム","データのノイズを除去するプロセス","2","デコーダは、エンコーダで得られた潜在表現から、元の入力や目的の出力形式に再構成する役割を果たします。","① これはエンコーダの機能です。","② 正解。再構成が目的です。","③ 単なる圧縮アルゴリズムではありません。","④ ノイズ除去は目的外です。"
"2章：生成AI","エンコーダについて、以下の選択肢から適切なものを選べ。","入力データを潜在表現に変換する部分","圧縮されたデータを元に戻す部分","データの特徴を抽出して分類する部分","データを外部に送信する部分","1","エンコーダは、入力データを低次元の潜在表現に変換し、重要な特徴を抽出するプロセスです。","① 正解。変換と特徴抽出が主な役割です。","② 再構成はデコーダが担当します。","③ 分類は目的としません。","④ 送信は関係ありません。"
"2章：生成AI","ノイズについて、以下の選択肢から適切なものを選べ。","データ中の有用な信号","データ処理を促進するための必要な変動","データの主要な特徴","データに含まれる不要な変動や外乱","4","ノイズは、元の信号ではなく不要な変動や外乱を指し、モデル学習に悪影響を与える可能性があります。","① 有用な信号ではありません。","② 促進するものではありません。","③ 主要な特徴ではありません。","④ 正解。不要な変動を示します。"
"2章：生成AI","VAE(変分自己符号化機)について、以下の選択肢から適切なものを選べ。","データの潜在分布を確率的に学習し、生成と再構成を行う生成モデル","単純なデータ圧縮アルゴリズム","データ分類に特化したディープラーニングモデル","決定論的な自己符号化モデル","1","VAEは、入力データの潜在分布を確率的に学習し、その分布から新たなデータを生成・再構成する生成モデルです。","① 正解。確率的生成と再構成が特徴です。","② 単なる圧縮ではありません。","③ 分類は目的としません。","④ 決定論的ではなく確率的です。"
"2章：生成AI","畳み込みについて、以下の選択肢から適切なものを選べ。","フィルタを用いて入力データから局所的特徴を抽出する数学的操作","単純なデータの加算処理","データの複製を行う操作","データの一部を削除する操作","1","畳み込みは、主に画像などのデータに対してフィルタ（カーネル）を適用し、局所的な特徴を抽出する操作です。","① 正解。局所特徴抽出が目的です。","② 単なる加算処理ではありません。","③ 複製は行いません。","④ 削除操作ではありません。"
"2章：生成AI","自己回帰モデルについて、以下の選択肢から適切なものを選べ。","過去の出力やデータを用いて次の出力を逐次予測するモデル","ランダムな予測を行うモデル","静的な分類を行うモデル","単純な線形回帰モデル","1","自己回帰モデルは、時系列データにおいて過去の値を利用して次の値を予測する手法です。","① 正解。逐次予測が特徴です。","② ランダム予測ではありません。","③ 分類は行いません。","④ 線形回帰とは異なります。"
"2章：生成AI","制約付きボルツマンマシンについて、以下の選択肢から適切なものを選べ。","可視層と隠れ層の二層構造を持つ、確率的に学習する生成モデル","決定論的な分類器","データ保存用のシステム","通信プロトコル","1","制約付きボルツマンマシンは、可視層と隠れ層の2層構造を持ち、エネルギー関数の最小化を通じて確率的に学習する生成モデルです。","① 正解。二層構造と確率的学習が特徴です。","② 決定論的ではありません。","③ 保存システムではありません。","④ 通信プロトコルとは無関係です。"
"2章：生成AI","ボルツマンマシンについて、以下の選択肢から適切なものを選べ。","エネルギー関数を最小化することで、確率的に学習するネットワーク","決定論的なネットワーク","データベース管理システム","メモリ管理システム","1","ボルツマンマシンは、エネルギー関数の最小化を通じて、確率的にデータの分布を学習するネットワークです。","① 正解。確率的な動作が特徴です。","② 決定論的ではありません。","③ データベースとは異なります。","④ メモリ管理とは無関係です。"
"2章：生成AI","生成AI(ジェネレーティブAI)について、以下の選択肢から適切なものを選べ。","既存データを分類するシステム","新しいコンテンツ（テキスト、画像、音声など）を自律的に生成するAIシステム","データを効率的に保存・検索するシステム","情報の抽出に特化したシステム","2","生成AIは、学習したデータの特徴をもとに、新たなコンテンツを自律的に生成するAIシステムです。","① 不正解：これは分類器の役割です。","② 正解。自律的生成が本質です。","③ 保存・検索はシステムの機能です。","④ 抽出は目的が異なります。"
"2章：生成AI","attention層について、以下の選択肢から適切なものを選べ。","入力の重要な部分に注目し、重み付けを行う層構造","単純なデータの平均化を行う層","データを圧縮するための層","ランダムに情報を選択する層","1","attention層は、入力データの中で特に重要な部分に対して動的に重みを付け、情報の選択的強調を行います。","① 正解。重要部分への注目が本質です。","② 平均化は行いません。","③ 圧縮目的ではありません。","④ ランダムな選択は行いません。"
"2章：生成AI","リカレント層について、以下の選択肢から適切なものを選べ。","過去の情報を保持し、時系列データの処理に役立つ再帰的な層","単にデータを一方向に伝達する層","データ保存専用の層","ランダムな出力を生成する層","1","リカレント層は、過去の情報を内部に保持しながら時系列データを処理するための再帰的な層です。","① 正解。再帰的な情報保持が特徴です。","② 単なる伝達だけではありません。","③ 保存専用ではありません。","④ ランダム出力は生成しません。"
"2章：生成AI","GPT-4について、以下の選択肢から適切なものを選べ。","OpenAIが開発した最新の大規模言語モデルで、高度な自然言語理解と生成能力を持つ","画像認識専用のAIモデル","データベース管理システム","ウェブブラウザの機能を持つシステム","1","GPT-4は、OpenAIが開発した最新世代の大規模言語モデルであり、従来を凌駕する自然言語理解と生成能力を備えています。","① 正解。高度な自然言語処理が特徴です。","② 画像認識は対象外です。","③ データベース管理とは異なります。","④ ウェブブラウザ機能はありません。"
"2章：生成AI","GPT-3.5について、以下の選択肢から適切なものを選べ。","ChatGPTの基盤として利用された大規模言語モデル","画像処理モデル","データ圧縮システム","オペレーティングシステム","1","GPT-3.5は、ChatGPTの初期バージョンの基盤となった大規模言語モデルであり、様々な言語タスクに対応します。","① 正解。言語モデルとしての役割が重要です。","② 画像処理は対象外です。","③ 圧縮システムではありません。","④ OSとは異なります。"
"2章：生成AI","instructGPTについて、以下の選択肢から適切なものを選べ。","人間の指示に従い、意図に沿った出力を生成するように調整されたGPTモデル","画像生成に特化したGPTモデル","データベース管理システム","ファイル管理システム","1","instructGPTは、人間からの指示により忠実に出力を生成するよう最適化されたGPTモデルです。","① 正解。指示への忠実性が特徴です。","② 画像生成は対象外です。","③ データベース管理とは異なります。","④ ファイル管理は無関係です。"
"2章：生成AI","GPT-3について、以下の選択肢から適切なものを選べ。","当時の最先端を行く大規模言語モデルとして多様なタスクで高性能を示したモデル","小規模な分類モデル","データ保存システム","検索システム","1","GPT-3は、非常に大規模なパラメータ数を持つ言語モデルで、自然な文章生成や多様なタスクにおいて高い性能を発揮しました。","① 正解。大規模な言語モデルの代表例です。","② 小規模モデルではありません。","③ データ保存システムではありません。","④ 検索システムとは異なります。"
"2章：生成AI","GPT-2について、以下の選択肢から適切なものを選べ。","GPT-3の前身となり、自然な文章生成能力を示した初期の大規模言語モデル","画像認識モデル","データベースシステム","オペレーティングシステム","1","GPT-2は、GPT-3の前身として、自然な文章生成能力を実証し、その後の大規模言語モデルの発展に寄与したモデルです。","① 正解。初期大規模モデルとして重要です。","② 画像認識は対象外です。","③ データベースシステムではありません。","④ OSとは無関係です。"
"2章：生成AI","自然言語処理(NLP)について、以下の選択肢から適切なものを選べ。","人間の言語をコンピュータで解析・理解・生成する技術の総称","画像処理技術の一分野","音声合成のみを扱う技術","データ圧縮技術","1","自然言語処理は、人間の言語を処理し、解析、理解、生成を行う技術全般を指します。","① 正解。言語処理全般を網羅します。","② 画像処理は別分野です。","③ 音声合成はその一部に過ぎません。","④ データ圧縮とは関係ありません。"
"2章：生成AI","ChatGPTについて、以下の選択肢から適切なものを選べ。","対話形式で自然な言語生成が可能な、大規模言語モデルベースのAIシステム","単純なキーワード検索エンジン","データベース管理システム","ファイル共有システム","1","ChatGPTは、対話形式で自然な応答を生成する大規模言語モデルに基づいたAIシステムです。","① 正解。対話型の自然言語生成が特徴です。","② 単なる検索エンジンではありません。","③ データベース管理とは無関係です。","④ ファイル共有は対象外です。"
"3章：現在の生成AIの動向","Luma Dream Machineについて、以下の選択肢から適切なものを選べ。","AIを用いて高品質な動画コンテンツを生成するサービス","テキスト生成に特化したAI","データベース管理システム","音声認識システム","1","Luma Dream Machineは、AI技術を活用して高品質な動画を自動生成するサービスです。","① 正解。動画生成が主な機能です。","② テキスト生成は対象外です。","③ データベース管理とは異なります。","④ 音声認識は対象外です。"
"3章：現在の生成AIの動向","Runway Gen-3について、以下の選択肢から適切なものを選べ。","テキスト入力から動画を生成する先進的なAIツール","画像編集に特化したソフトウェア","データ分析ツール","ウェブブラウザ","1","Runway Gen-3は、テキスト入力をもとに動画を自動生成する先進的なAIツールです。","① 正解。テキストから動画生成が特徴です。","② 画像編集は対象外です。","③ データ分析は目的外です。","④ ウェブブラウザではありません。"
"3章：現在の生成AIの動向","Soraについて、以下の選択肢から適切なものを選べ。","OpenAIが開発したテキストから高品質な動画を生成するAIモデル","画像認識システム","データベース","検索エンジン","1","Soraは、OpenAIが開発した、テキスト入力をもとに高品質な動画を生成する最新のAIモデルです。","① 正解。動画生成が主な機能です。","② 画像認識は対象外です。","③ データベースではありません。","④ 検索エンジンとは異なります。"
"3章：現在の生成AIの動向","Geminiについて、以下の選択肢から適切なものを選べ。","Googleが開発した、テキスト、画像、音声など複数のモダリティを扱うマルチモーダルAIモデル","単一のテキスト生成モデル","データ保存システム","ウェブブラウザ","1","Geminiは、Googleが開発した最新のマルチモーダルAIモデルで、テキスト、画像、音声など複数の情報を統合して処理することができます。","① 正解。マルチモーダル処理が特徴です。","② 単一のテキスト生成ではありません。","③ データ保存は対象外です。","④ ウェブブラウザではありません。"
"3章：現在の生成AIの動向","ユーザエクスペリエンスについて、以下の選択肢から適切なものを選べ。","製品やサービス利用時に得られる総合的な体験や感情","システムの技術的仕様","処理速度やパフォーマンスの指標","データの保存容量","1","ユーザエクスペリエンスは、製品やサービスの利用時にユーザーが得る体験や感情の質を指す概念です。","① 正解。利用体験全体が対象です。","② 技術仕様とは異なります。","③ 処理速度は一要素にすぎません。","④ 保存容量は関係ありません。"
"3章：現在の生成AIの動向","リマスタリングについて、以下の選択肢から適切なものを選べ。","既存コンテンツを最新技術で改善し、画質や音質を向上させる処理","新規コンテンツの自動生成を行う処理","データの削除や圧縮を行う処理","コンテンツの暗号化を行う処理","1","リマスタリングは、既存の映像や音声コンテンツを最新技術で再処理し、品質を向上させる工程です。","① 正解。品質向上が目的です。","② 新規生成とは異なります。","③ 削除・圧縮は対象外です。","④ 暗号化は無関係です。"
"3章：現在の生成AIの動向","データ拡張技術について、以下の選択肢から適切なものを選べ。","既存データに対してノイズを加え、多様性を促す手法","既存データを変形・加工して学習データセットを拡張する技術","データ圧縮によって保存量を削減する技術","データの重複を排除する技術","2","データ拡張は、既存データに対して回転や反転、スケーリングなどの変形処理を施し、学習用データを人工的に増やす技術です。","① ノイズ追加は一手法ですが、主目的は多様化です。","② 正解。変形加工が本質です。","③ 圧縮は容量削減が目的です。","④ 重複排除は逆の操作です。"
"3章：現在の生成AIの動向","データの水増し(augmentation)について、以下の選択肢から適切なものを選べ。","既存データに変形処理を加えて学習データセットを拡張する技術","データの圧縮を行い容量を削減する技術","データを削除してノイズを除去する技術","データの暗号化を行う技術","1","データの水増しは、画像などのデータに対して回転、反転、拡大などの変形処理を施し、学習データを増加させる手法です。","① 正解。学習データの拡張が目的です。","② 圧縮は容量削減が目的です。","③ 削除は行いません。","④ 暗号化は無関係です。"
"3章：現在の生成AIの動向","正規化について、以下の選択肢から適切なものを選べ。","データの値を一定の範囲に収める処理","データの削除を行う処理","データの複製を行う処理","データの暗号化を行う処理","1","正規化は、データの値を一定の範囲に収め、学習の安定性を向上させる前処理技術です。","① 正解。標準的な範囲への調整が目的です。","② 削除は行いません。","③ 複製は対象外です。","④ 暗号化は無関係です。"
"3章：現在の生成AIの動向","画像のリサイズについて、以下の選択肢から適切なものを選べ。","画像の寸法や解像度を変更する処理","画像の削除を行う処理","画像の暗号化を行う処理","画像の複製を行う処理","1","画像のリサイズは、画像の幅や高さなどの寸法を変更し、目的に応じた解像度に調整する処理です。","① 正解。サイズ変更が目的です。","② 削除は行いません。","③ 暗号化は対象外です。","④ 複製とは異なります。"
"3章：現在の生成AIの動向","Claudeについて、以下の選択肢から適切なものを選べ。","Anthropic社が開発した高性能な言語モデル","画像生成専用のAI","データベース管理システム","オペレーティングシステム","1","Claudeは、Anthropic社によって開発された高性能な言語モデルであり、自然な対話やコード生成などに優れた能力を持ちます。","① 正解。Anthropic社のモデルです。","② 画像生成は対象外です。","③ データベース管理とは異なります。","④ OSではありません。"
"3章：現在の生成AIの動向","偽情報(ディスインフォメーション)について、以下の選択肢から適切なものを選べ。","意図的に作成され拡散される虚偽の情報","単純な誤解やミスリーディングによる誤情報","システムエラーによる誤った情報","データの欠損による情報の不完全性","1","ディスインフォメーションは、特定の目的のために意図的に作られ拡散される虚偽の情報を指します。","① 正解。意図的な虚偽情報です。","② 単なる誤解ではありません。","③ システムエラーとは異なります。","④ 欠損とは関係ありません。"
"3章：現在の生成AIの動向","ディープフェイク(深層偽造)技術について、以下の選択肢から適切なものを選べ。","AI技術を用いて人物の映像や音声を高度に偽造する技術","単純な画像編集技術","データの暗号化技術","ファイルの圧縮技術","1","ディープフェイクは、深層学習を用いて人物の映像や音声を極めてリアルに偽造する技術です。","① 正解。高度な偽造技術です。","② 単純な画像編集では再現できません。","③ 暗号化とは無関係です。","④ 圧縮技術ではありません。"
"4章：情報リテラシー・基本理念とAI社会原則","ベーティングについて、以下の選択肢から適切なものを選べ。","人間の好奇心を利用し、USB等を通じてマルウェア感染を誘う攻撃手法","ウイルス対策ソフトの一種","データバックアップ方式","認証システム","1","ベーティングは、USBメモリなどに悪意あるソフトウェアを仕込むことで、好奇心を刺激しマルウェア感染を引き起こす攻撃手法です。","① 正解。好奇心を狙った攻撃です。","② ウイルス対策ソフトとは異なります。","③ バックアップ方式ではありません。","④ 認証システムとは無関係です。"
"4章：情報リテラシー・基本理念とAI社会原則","プリテキスティングについて、以下の選択肢から適切なものを選べ。","偽の設定や口実を用いて相手から情報を詐取するソーシャルエンジニアリング手法","データ暗号化方式","認証プロトコル","バックアップシステム","1","プリテキスティングは、架空のシナリオや偽の状況設定により、対象者から機密情報を引き出す手法です。","① 正解。偽の口実が特徴です。","② 暗号化とは全く異なります。","③ 認証プロトコルとは無関係です。","④ バックアップシステムは対象外です。"
"4章：情報リテラシー・基本理念とAI社会原則","個人情報保護委員会について、以下の選択肢から適切なものを選べ。","個人情報保護法に基づく、個人情報の適正な取り扱いを監督する独立行政機関","一般企業","民間団体","研究機関","1","個人情報保護委員会は、個人情報保護法に基づいて個人情報の適切な取り扱いを監督する政府の独立行政機関です。","① 正解。行政機関として機能します。","② 一般企業ではありません。","③ 民間団体ではありません。","④ 研究機関とは異なります。"
"4章：情報リテラシー・基本理念とAI社会原則","AI社会原則について、以下の選択肢から適切なものを選べ。","AIの開発・利用において、人間中心の価値観、倫理、プライバシー保護などの基本原則を定めたガイドライン","プログラミング規約","システム開発手順","データベース設計指針","1","AI社会原則は、AI技術の社会実装にあたって人間中心の価値観や倫理、プライバシー保護を重視する基本的な指針です。","① 正解。基本原則を示すガイドラインです。","② プログラミング規約とは異なります。","③ 開発手順ではありません。","④ データベース設計は関係ありません。"
"5章：テキスト生成AIのプロンプト制作と実例","プロンプトエンジニアリングについて、以下の選択肢から適切なものを選べ。","単にプログラムコードを書く技術","データベースのクエリ設計技術","AIから望ましい結果を引き出すための、入力テキスト（プロンプト）の効果的な設計技術","ネットワーク通信プロトコルの設定技術","3","プロンプトエンジニアリングは、AIに対して適切な指示や質問（プロンプト）を設計し、望ましい応答を引き出す技術です。","① プログラムコードとは異なります。","② データベースクエリとは無関係です。","③ 正解。効果的なプロンプト設計が鍵です。","④ 通信プロトコルは対象外です。"
"5章：テキスト生成AIのプロンプト制作と実例","Top-pについて、以下の選択肢から適切なものを選べ。","生成時の出力の多様性を制御するための確率的サンプリングパラメータ","プログラムの実行速度を示す指標","メモリ使用量の指標","CPU使用率の指標","1","Top-pは、生成モデルの出力において、累積確率がpになる単語候補のみを採用することで、多様性と創造性のバランスを調整するパラメータです。","① 正解。出力の多様性制御が目的です。","② 実行速度とは関係ありません。","③ メモリ使用量は対象外です。","④ CPU使用率とは無関係です。"
"5章：テキスト生成AIのプロンプト制作と実例","ハイパーパラメータについて、以下の選択肢から適切なものを選べ。","モデルの学習や推論時に設定する、学習率や層数などの調整可能なパラメータ","プログラムコードそのもの","データ構造の設計情報","ファイル形式や拡張子","1","ハイパーパラメータは、モデルの学習プロセスを制御するために事前に設定する調整可能な値（例：学習率、バッチサイズ、層数など）です。","① 正解。設定可能な調整値です。","② コードそのものではありません。","③ データ構造とは異なります。","④ ファイル形式は関係ありません。"
"5章：テキスト生成AIのプロンプト制作と実例","プレトレーニングについて、以下の選択肢から適切なものを選べ。","実際のタスクの直前に行われるモデルの学習","大規模データセットを用いて、モデルの基礎知識を事前に学習させる過程","データの保存や管理を行うプロセス","システムの初期化手順","2","プレトレーニングは、特定タスクに入る前に大規模な一般データで基礎知識を学習させる工程です。","① タスク直前の学習ではありません。","② 正解。基礎学習が目的です。","③ データ保存とは関係ありません。","④ 初期化手順ではありません。"
"5章：テキスト生成AIのプロンプト制作と実例","n-gramモデルについて、以下の選択肢から適切なものを選べ。","連続するn個の単語の出現確率を考慮して次の単語を予測する統計的言語モデル","画像内のピクセル群の出現確率を予測するモデル","データ圧縮アルゴリズムの一種","ファイル管理システム","1","n-gramモデルは、過去n-1個の単語から次に出現する単語の確率を統計的に予測するシンプルな言語モデルです。","① 正解。単語列の確率計算が本質です。","② 画像のピクセルには適用しません。","③ 圧縮アルゴリズムではありません。","④ ファイル管理とは無関係です。"
"5章：テキスト生成AIのプロンプト制作と実例","Temperatureについて、以下の選択肢から適切なものを選べ。","生成テキストの予測性と創造性のバランスを調整するパラメータ","システムの動作温度を示す指標","CPUの物理温度を示す指標","メモリ使用率の指標","1","Temperatureは、生成モデルにおける出力の確率分布の平滑さを調整し、予測性と創造性のバランスをとるパラメータです。","① 正解。出力多様性制御が目的です。","② システム温度とは無関係です。","③ CPU温度は対象外です。","④ メモリ使用率とは異なります。"
"5章：テキスト生成AIのプロンプト制作と実例","ニューラル言語モデルについて、以下の選択肢から適切なものを選べ。","統計的手法のみを用いる古典的言語モデル","ニューラルネットワークを基盤とし、文脈や意味を学習する現代的な言語モデル","ルールベースのシステム","単純なキーワード抽出に基づくモデル","2","ニューラル言語モデルは、ディープラーニングを利用して言語の複雑な文脈や意味を学習する現代的なモデルです。","① 従来の統計的手法のみでは不十分です。","② 正解。ニューラルネットワークが利用されます。","③ 不正解：これはルールベースシステムの説明です。ルールベースはあらかじめ定義された規則に従います。","④ キーワード抽出だけでは表現できません。"
"5章：テキスト生成AIのプロンプト制作と実例","プロンプトについて、以下の選択肢から適切なものを選べ。","AIモデルに対して行いたいタスクを指示するための入力テキスト","プログラムコードの一部","システムの設定ファイル","データベースのクエリ文","1","プロンプトは、AIに対して何を行ってほしいかを指示するための入力テキストであり、その設計が応答に大きく影響します。","① 正解。タスク指示が本質です。","② プログラムコードとは異なります。","③ システム設定は対象外です。","④ クエリ文とは無関係です。"
"5章：テキスト生成AIのプロンプト制作と実例","Few-Shotプロンプティングについて、以下の選択肢から適切なものを選べ。","少数の具体例を示してAIの動作を適切に誘導する手法","一切の例示を行わずにタスクを指示する手法","大量の例を用いる手法","ランダムな入力例を与える手法","1","Few-Shotプロンプティングは、少数の具体例を示すことで、AIにタスクの意図や形式を理解させる手法です。","① 正解。少数例がキーポイントです。","② 例示なしはZero-Shotとなります。","③ 大量例はMany-Shotです。","④ ランダムな例示は効果的ではありません。"
"5章：テキスト生成AIのプロンプト制作と実例","Zero-Shotプロンプティングについて、以下の選択肢から適切なものを選べ。","大量の例示を用いてタスクを指示する手法","事前の具体例を一切示さず、直接タスクを指示する手法","全ての可能な例を提示する手法","ランダムに選んだ例を示す手法","2","Zero-Shotプロンプティングは、具体的な例示を行わずに、直接タスクの説明や指示を与える手法です。","① 大量例示はMany-Shotです。","② 正解。例示なしで直接指示します。","③ 全例提示は現実的ではありません。","④ ランダムな例示は意図しません。"
"5章：テキスト生成AIのプロンプト制作と実例","Output Indicatorについて、以下の選択肢から適切なものを選べ。","AIの出力形式やスタイルを指定するための指示子","入力データの形式を指定する指示子","システムの状態を表示するためのインジケータ","エラーメッセージを示すための表示","1","Output Indicatorは、AIの出力がどのような形式やスタイルになるかを指定するための指示子です。","① 正解。出力形式指定が目的です。","② 入力形式とは異なります。","③ システム状態の表示ではありません。","④ エラー表示とは無関係です。"
"5章：テキスト生成AIのプロンプト制作と実例","Input Dataについて、以下の選択肢から適切なものを選べ。","AIモデルが処理すべき具体的な入力情報","生成された出力データ","システムの設定情報","エラーログ情報","1","Input Dataは、AIモデルが処理するために与えられる具体的なデータを指します。","① 正解。入力として使用される情報です。","② 出力データとは異なります。","③ システム設定は含まれません。","④ エラーログは対象外です。"
"5章：テキスト生成AIのプロンプト制作と実例","Contextについて、以下の選択肢から適切なものを選べ。","AIが適切な応答を生成するために必要な背景情報や文脈","システムの内部設定情報","エラーメッセージや警告情報","出力形式の具体的指定","1","Contextは、AIが入力プロンプトを正しく理解し、適切な応答を生成するための背景情報や文脈を指します。","① 正解。背景情報が本質です。","② 内部設定とは異なります。","③ エラーメッセージは対象外です。","④ 出力形式指定とは別です。"
"1章：AI","AIとロボットの区別に関する次の記述のうち、最も適切なものはどれか。","AIとロボットは同じ概念である。","AIは、自動的に行動できる機械そのもので、物理的な存在である。","ロボットは、AIの「知能」を担当し、AIはその知能を活用して「物理的な動作を行う機械」である。","AIは、知覚、認識、理解、学習、問題解決能力などの人間の知能を再現する能力を持ち、ソフトウェアやアプリケーションの形で存在する。","4","正解：４","（不適切） AIとロボットは、似ているようでまったく異なる概念です。","（不適切） AIは、機械としての物理的存在ではありません。人間の知能を再現する能力を持ち、ソフトウェアやアプリケーションの形で存在します。","（不適切） ロボットは、AIの技術を搭載した、自動的に行動できる機械そのもので、物理的な存在です。つまり、AIがロボットの「知能」を担当し、ロボットがその知能を活用して「物理的な動作を行う機械」です。","（適切） AIは、知覚、認識、理解、学習、問題解決能力などの人間の知能を再現する能力を持ち、ソフトウェアやアプリケーションの形で存在します。"
"1章：AI","AIの背景と現在に関する次の記述のうち、最も不適切なものはどれか。","AIという用語は、1956年にアメリカの研究者が、ダートマス会議と呼ばれる研究会議で初めて使用した。","AIの研究が始まった背景として、計算機の発展や第二次世界大戦などが挙げられる。","AIの進化に伴い、人間の仕事が奪われる可能性が危惧されているが、プライバシーや倫理的な問題が生じる可能性は低い。","現在、AIの研究は、機械学習、深層学習、自然言語処理、知識表現、パターン認識などの分野で活用されており、今後、自動運転、音声認識、画像認識、医療診断、金融の予測などの分野で活用されることが期待される。","3","正解：３","（適切） AIという用語は、1956年にアメリカのジョン・マッカーシー、マービン・ミンスキー、クロード・シャノン、ナサニエル・ロチェスターらが、ダートマス会議という研究会議で初めて使われました。","（適切） AI研究の背景としては、第二次世界大戦や計算機の発展などが挙げられます。戦争において敵の暗号を解析したり、軍事研究などで大量かつ複雑な計算をしたりするために、コンピュータの開発が進められ、その後、コンピュータのさらなる発展を目指し、人間のような判断ができる機械を作り出すことがAI研究の目的となりました。","（不適切） AIの進化に伴い、人間の仕事が奪われる可能性が危惧されていますが、これに加え、プライバシーや倫理的な問題が生じる可能性が指摘されています。","（適切） 現在、AIの研究は、機械学習、深層学習、自然言語処理、知識表現、パターン認識などの分野で活用されています。また、今後、自動運転、音声認識、画像認識、医療診断、金融の予測などの分野で活用されることも期待されています。"
"1章：AI","AIに知能をもたらす仕組みに関する次の記述のうち、最も不適切なのはどれか。","AIに知能をもたらす仕組みとして、大きく分けるとルールベースと機械学習の2つの手法がある。","AIに知能をもたらす仕組みとして、現在主流となっているのはルールベースである。","ディープラーニングは、機械学習を構築する手法の一つである。","機械学習には、教師あり学習、教師なし学習、強化学習などの手法がある。","2","正解：２","（適切） AIに知能をもたらす仕組みとして、大きく分けるとルールベースと機械学習の2つの手法があります。","（不適切） AIに知能をもたらす仕組みとして、現在主流となっているのは機械学習です。","（適切） 機械学習は、AIが自ら学習をするための仕組みであり、ディープラーニングは、この機械学習を構築する手法の一つとして定義されています。","（適切） 機械学習には、教師あり学習、教師なし学習、強化学習などの手法があります。そのほか、教師あり学習と教師なし学習の中間的手法である半教師あり学習ともよばれます。"
"1章：AI","ルールベースに関する次の記述のうち、最も適切なのはどれか。","ルールベースは、大量のルールをプログラムする必要がない。","ルールベースは、簡易なシステムであるため、開発やメンテナンスに時間とコストがかからない。","ルールベースは、機械学習に取って代わる新しいアプローチとして主流になった手法である。","ルールベースは、人間が事前に作成したルールや知識をコンピュータプログラムに組み込むことで、それに基づいて予測や判断を行う技術である。","4","正解：４","（不適切） ルールベースは、大量のルールをプログラムする必要があります。","（不適切） ルールベースは、大量のルールをプログラムする必要があるため、開発やメンテナンスに時間とコストがかかります。","（不適切） ルールベースに取って代わる新しいアプローチとして主流になった手法が機械学習です。","（適切） ルールベースとは、人間が事前に作成したルールや知識をコンピュータプログラムに組み込むことで、それに基づいて予測や判断を行う技術です。ルールベースは、会計ソフトウェアによる税の計算や、交通信号の制御システムなどが典型的な例です。"
"1章：AI","機械学習に関する次の記述のうち、最も適切なのものはどれか。","機械学習は、大量のデータからパターンを見出し、そのパターンを基に未知のデータに対して予測や分類を行う技術である。","機械学習は、ルールベースに基づくAIの学習手法である。","機械学習の手法は、スパムメールの自動分類、顔認識、音声認識、画像認識、自動運転などには適さず、用いられない。","教師あり学習と教師なし学習は補完的であり、どちらも重要である。","1","正解：１","（適切） 機械学習は、従来のルールベースの人工知能に対し、コンピュータ自身がデータからパターンを見出し、予測や判断を行うというアプローチです。大量のデータからパターンを見出し、そのパターンを基に未知のデータに対して予測や分類を行います。","（不適切） 機械学習は、従来のルールベースの人工知能に対し、コンピュータ自身がデータからパターンを見出し、予測や判断を行うというアプローチです。ルールベースに基づく学習手法ではありません。","（不適切） 機械学習は、スパムメールの自動分類、顔認識、音声認識、画像認識、自動運転などで用いられています。","（不適切） 教師あり学習、教師なし学習、強化学習は、いずれも機械学習の手法です。"
"1章：AI","機械学習において、「入力したデータに対して正解データのペアを与えず、モデルが自分でパターンを発見する手法」に該当するものは、次のうちどれか。","教師あり学習","過学習","教師なし学習","正則化","3","正解：３","（該当しない） 教師あり学習とは、入力したデータに対して正解データ（教師データ）のペアを与えて、モデルをトレーニングする手法です。","（該当しない） 過学習とは、オーバーフィッティングともいわれ、モデルが訓練データに過度に適合した結果、新しい未知のデータに対してうまく対応・予測ができなくなる現象を指します。","（該当する） 教師なし学習とは、入力したデータに対して正解データのペアを与えず、代わりにデータ自体のパターンや構造を、モデルが自己で発見することでトレーニングする手法です。これには、クラスタリングや次元削減といった手法があります。","（該当しない） 正則化とは、モデルのパラメータ（変数）を多くしすぎて過学習となることを回避するため、パラメータを調整・制限してモデルの複雑さを制御し、適切な量の情報を学習させる方法です。"
"1章：AI","機械学習における「教師なし学習」の手法に関する次のア～エのうち、適切なものを組み合わせたものはどれか。(ア)正則化、(イ)クラスタリング、(ウ)ドロップアウト、(エ)次元削減","アとウ","アとエ","イとウ","イとエ","4","正解：４　教師なし学習における2つの代表的な手法は、「クラスタリング」と「次元削減」です。","ア（不適切） 正則化は、過学習を回避する手法です。","イ（適切） クラスタリングとは、与えられたデータを、似た特徴やパターンを持ついくつかのクラスター（グループ）に分類することです。","ウ（不適切） ドロップアウトは、過学習を回避する手法です。","エ（適切） 次元削減とは、データの次元（変数）を減らすことで、情報を保持しながらデータの特徴を抽出することを指します。"
"1章：AI","教師なし学習に関する次の記述のうち、最も適切なものはどれか。","教師なし学習とは、入力したデータに対して正解データのペアを与えずモデルをトレーニングする手法である。","クラスタリングとは、データの次元（変数）を減らすことで、情報を保持しながらデータの特徴を抽出することをいう。","次元削減とは、与えられたデータを、似た特徴やパターンを持ついくつかのグループに分類することをいう。","次元削減を行うと、データの可視化や解析が容易になる。","4","正解：４","（不適切） 入力したデータに対して正解データのペアを与えてモデルをトレーニングする手法は、教師あり学習です。教師なし学習とは、入力したデータに対して正解データ（教師データ）のペアを与えずに、代わりにデータ自体のパターンや構造を、モデルが自己で発見することでトレーニングする手法です。","（不適切） データの次元（変数）を減らすことで、情報を保持しながらデータの特徴を抽出することを、次元削減といいます。クラスタリングとは、与えられたデータを、似た特徴やパターンを持ついくつかのクラスター（グループ）に分類することをいいます。","（不適切） 与えられたデータを、似た特徴やパターンを持ついくつかのグループに分類することをクラスタリングといいます。次元削減とは、データの次元（変数）を減らすことで、情報を保持しながらデータの特徴を抽出することをいいます。","（適切） 次元削減とは、必要な情報だけ残して他の詳細を省き、よりシンプルな形で情報の特徴を認識することをいいますが、これにより、データの可視化や解析が容易になります。加えて、計算コストの削減やモデルの性能向上なども期待できます。"
"1章：AI","強化学習に関する次の記述のうち、最も不適切なのものはどれか。","強化学習とは、試してみることで、良い結果をもたらす行動を学んでいく手法である。","強化学習は、自動運転車のような実世界の技術開発にはまだ用いられていない。","強化学習は、ゲームAIの開発にも用いられている。","強化学習において、コンピュータは、最初はランダムに行動することが多いが、時間が経つにつれて設定された報酬を最大化するための最適な行動を学習する。","2","正解：２","（適切） 強化学習とは、何度も試行錯誤することで、良い結果をもたらす行動を学んでいく手法です。","（不適切） 強化学習は、ゲームAIの開発などのみならず、自動運転車のような実世界の技術開発にも広く応用されています。","（適切） 強化学習は、試行錯誤することでより良い結果をもたらす行動を学んでいく手法であることから、ゲームAIの開発にも用いられています。","（適切） 強化学習において、コンピュータは、報酬を最大化するために、得られる報酬を予測しながら行動を選択します。そのため、最初はランダムに行動することが多いですが、時間が経つにつれて設定された報酬を最大化するための最適な行動を学習します。"
"1章：AI","半教師あり学習に関する次の記述のうち、不適切なものはいくつあるか。(ア)半教師あり学習は、教師あり学習と教師なし学習を組み合わせた手法である。、(イ)半教師あり学習では、少量の正解データを用いて大量のラベルのないデータを効率的に学習する。、(ウ)半教師あり学習における学習の精度に関しては、教師あり学習に比べて高くなることが多い。、(エ)半教師あり学習では、データのすべてではなく、少量の正解データを用意すればよいので、学習コストを大幅に削減することができる。","1つ","2つ","3つ","４つ","1","不適切なものは、ウの1つです。","ア（適切） 半教師あり学習（半教師学習）は、教師あり学習と教師なし学習を組み合わせた手法です。","イ（適切） 半教師あり学習では、少量の正解データ（ラベル付きデータ）を用いて、大量のラベルのないデータ（未知のデータ）を効率的に学習します。","ウ（不適切） 半教師あり学習では、正解ラベルを付ける際に偏りが生じたり、後から予測されたラベルが正確でなかったりする可能性があるので、学習の精度に関しては、教師あり学習と比べると低くなることが多いといえます。","エ（適切） 半教師あり学習では、データすべてにラベル付けをする必要がなく、少量の正解データを用意すればよいので、学習コストを大幅に削減することができます。"
"1章：AI","機械学習に関する次の記述のうち、最も不適切なのものはどれか。","ノーフリーランチ定理とは、どの問題にも万能で汎用的なアルゴリズムは存在しないというものである。","ノーフリーランチ定理によると、データ処理方法や分析方法などの要素を考慮し、各々のケースに応じて最適な手法を選択することが重要となる。","人工ニューロンとは、人間の脳の神経細胞の仕組みをプログラミングによって再現したものをいう。","人工ニューロンをいくつかの層に配列し、初めに入力されたデータを次々に変換して情報を処理する仕組みをディープラーニングといい、そのディープラーニングを何層にも重ねて作られたシステムがニューロンネットワークである。","4","正解：４","（適切） ノーフリーランチ定理とは、最適化と検索アルゴリズムに関する理論です。ある問題に対して最も効果的なアルゴリズムが、必ずしも他のすべての問題に対しても効果的であるわけではないという理論です。つまり、「万能のアルゴリズム」は存在せず、特定の問題に対して最適化されたアルゴリズムは、ほかの問題に対して必ずしも有効ではないということです。","（適切） ノーフリーランチ定理によると、目的、データの種類、データ処理方法や分析方法などの要素を考慮し、各々のケースに応じて最適な手法を選択することが重要となります。","（適切） 人工ニューロンとは、ノードとも呼ばれ、人間の脳の神経細胞（ニューロン）の仕組みをプログラミングによって再現したものをいいます。ニューロンとは、脳の高度な働きを支えている個々の神経細胞です。人工ニューロンは、人間の脳のニューロンと同様に、情報を受け取って処理し、次の人工ニューロンに伝える役割を果たします。","（不適切） 人工ニューロンをいくつかの層に配列し、初めに入力されたデータを次々に変換して情報を処理する仕組みをニューラルネットワークといいます。そして、ニューラルネットワークを何層にも重ねて作られたシステムがディープラーニング（深層学習）です。"
"1章：AI","機械学習に関する次の記述のうち、最も不適切なのものはどれか。","ニューラルネットワークにおいて、どの情報が大切で、どの情報がそれほど大切ではないかといった、情報や物事の大切さ自体を「重み」といい、ニューラルネットワークを構成するノードが、その情報量を調整することを「重み付け」という。","機械学習における転移学習とは、ある問題で学習したモデルの知識やスキルを、別の新しい問題にも応用して学習する方法である。","機械学習における適学習とは、機械学習のモデルが訓練データを十分に学習し、適合することで、新しい未知のデータに対してもうまく対応・予測ができるようになる現象を指す。","AIは、画像を判別する際、対象画像を細かい画素に分け、画像の「位置情報」と「色情報」を数値データとして抽出し、画素のながらから最終的に対象の画像を認識するが、この過程は人間がモノを認識する仕組みに非常に似ているといえる。","3","正解：３","（適切） ニューラルネットワークで情報を処理するときは、すべての情報をフラットに捉えるのではなく、どの情報が大切で、どの情報がそれほど大切ではないか、重要性に差が設けられます。この、人間の神経細胞におけるシナプスの大きさ（＝情報や事象の大切さ自体）を「重み」といいます。そして、ニューラルネットワークを構成するノード（人工ニューロン）がその情報量を調整すること（＝重要性に差異を設けること）を「重み付け」といいます。","（適切） 機械学習における転移学習とは、ある問題で学習したモデルの知識やスキルを、別の新しい問題にも応用して学習する方法です。転移学習により、最初の動物の写真を分類する方法で取得した知識やスキルをベースにして学習することで、より効率的に学習を進めることができます。","（不適切） 機械学習における過学習とは、オーバーフィッティングともいわれ、機械学習のモデルが訓練データに過度に適合し、新しい未知のデータに対してうまく対応・予測ができなくなる現象を指します。","（適切） AIによる画像認識は、①対象画像を「細かい画素（ピクセル）」に分ける、②その画素の「位置情報」と「色情報」を数値データとして抽出する、③画素のつながりで単純な形から徐々に複雑な形を認識する、④最終的に対象の画像を認識するという過程をたどります。このようなAIがモノを認識する仕組みは、人間がモノを認識する仕組みと非常に似ているといえます。"
"1章：AI","過学習に関する次の記述のうち、最も不適切なものはどれか。","機械学習における過学習とは、機械学習のモデルが訓練データに過度に適合し、新しい未知のデータに対してうまく対応・予測ができなくなる現象を指す。","過学習の状態になると、訓練データに対しては高い精度を示して誤差は非常に小さくなるが、新しい未知のデータに対しては予測精度が低くなり、誤差が大きくなる。","過学習の回避方法であるドロップアウトとは、ランダムに一部の人工ニューロンを無効化する方法である。","過学習の回避方法である正則化は、モデルのパラメータを増やして、学習を適切に行えるようにする方法である。","4","正解：４","（適切） 機械学習における過学習とは、オーバーフィッティングともいわれ、機械学習のモデルが訓練データに過度に適合し、新しい未知のデータに対してうまく対応・予測ができなくなる現象を指します。","（適切） 過学習の状態になると、機械学習のモデルが訓練データに過度に適合するため、訓練データに対しては高い精度を示して誤差は非常に小さくなります。しかし、その反面、新しい未知のデータに対しては、予測精度が低くなり、誤差が大きくなります。","（適切） 過学習の回避方法であるドロップアウトとは、ニューラルネットワークの学習時に、ランダムに一部の人工ニューロンを無効化する（休ませる）ことで、過学習を回避する方法です。","（不適切） 過学習の回避方法である正則化とは、モデルのパラメータ（変数）が多くの情報を学習し過ぎて過学習とならないよう、パラメータを調整・制限して、モデルの複雑さを制限し、適切な量の情報を学習するようにする方法です。"
"1章：AI","AIの種類等に関する次の記述のうち、最も適切なのものはどれか。","AIの4つのレベルのうち、レベル1は、ルールベースシステムを利用したAIを指す。","AIの4つのレベルのうち、レベル2は、チャットボットや音声認識システムなどの質問応答システムで利用されている。","AIの4つのレベルのうち、レベル3は、ディープラーニングを利用したAIで、自ら特徴量の調整を含めた学習が可能であり、代表的な利用例は、自動車などの自動運転技術である。","AIの種類のうち、AGIは、AIが特定の限定的なタスクに対して人間並みの性能を発揮するものを指し、ANIは、AIがすべての知的タスクに対して人間並みの性能を発揮するものを指す。","2","正解：２","（不適切） AIの4つのレベルのうち、ルールベースシステムを利用したAIはレベル2です。レベル1は、単純な制御プログラムで、制御プログラムは条件による分岐で構成され、入力に応じてあらかじめ決められているルールに従い出力を行うのみのものを指します。","（適切） AIの4つのレベルのうち、レベル2は、ルールベースシステムを利用したAIで、入力されたデータを解析して、単純な予測や決定を行います。代表的な利用例は、チャットボットや音声認識システムなどの質問応答システムです。","（不適切） AIの4つのレベルのうち、ディープラーニングを利用したAIで、自ら特徴量の調整を含めた学習が可能であり、代表的な利用例は、自動車などの自動運転技術であるのは、レベル4です。レベル3は、機械学習を利用したAIで、入力から自らデータパターンを見出し、それに基づいて最適な出力を調整して返すもので、代表的な利用例は、検索エンジンです。","（不適切） AGIは、Artificial General Intelligence（人工的な汎用知能）の略で、AIがすべての知的タスクに対して人間並みの性能を発揮するものを指します。ANIは、Artificial Narrow Intelligence（人工的な狭い知能）の略で、AIが特定の限定的なタスクに対して人間並みの性能を発揮するものを指します。"
"1章：AI","AIの歴史とシンギュラリティに関する次の記述のうち、最も不適切なのものはどれか。","第一次AIブームは、1956年にダートマス会議で始まり、約20年間にわたって続いたが、実装されていたルールベースのシステムが複雑な問題に対して不適切であることが明らかになったため、ブームが急速に終息した。","第二次AIブームは、1980年代後半から発生し、専門家の意思決定プロセスを模倣するエキスパートシステムが注目を集めたが、このシステムは、専門家が持つ知識を正確に取り込むことと、その知識ベースの管理が容易であるという特徴があった。","第三次AIブームは、2010年代に入ってから現在までのブームで、ビッグデータの活用とディープラーニング技術の発展が特徴である。","シンギュラリティとは、ヴァーナー・ヴィンジにより最初に提唱された概念で、AIが人間を超越し知能的に自己進化する状態を指し、これが実際に生じるであろう時期に関して2045年問題といわれる。","2","正解：２","（適切） 第一次AIブームは、1956年にダートマス会議で始まり、約20年間にわたって続きました。主に探索（問題を解決するために可能な解の空間を探索するプロセス）と、推論（与えられた事実とルールを使用して、新しい事実を導き出すプロセス）に焦点が当てられ、ルールベースのシステムを実装していました。しかし、ルールベースのシステムが複雑な問題に対して不適切であることが明らかになったため、ブームが急速に終息しました。","（不適切） 第二次AIブームは、1980年代後半から1990年代初頭にかけて発生し、専門家の意思決定プロセスを模倣するエキスパートシステムが注目を集めました。しかし、エキスパートシステムは、専門家が持つ知識を正確に取り込むことが困難であったり、知識ベースが大きくなり過ぎ管理が困難であったりといった問題がありました。","（適切） 第三次AIブームは、2010年代に入ってから現在まで続くブームです。第三次AIブームの特徴として、ビッグデータの活用とディープラーニング技術の発展が挙げられます。","（適切） シンギュラリティとは、技術的特異点ともいい、AIが人間を超越し知能的に自己進化する状態をいいます。この概念は、最初にヴァーナー・ヴィンジという数学者によって提唱されました。その後、レイ・カーツワイルによって、AIやバイオテクノロジーが進化した結果、2045年頃にシンギュラリティが起こり、AIが人間の知性を超越して、人間がさまざまな問題や脅威に直面するという問題が提起されました。これを2045年問題といいます。"
"2章：生成AI","ボルツマンマシンおよび制限付きボルツマンマシンに関する次の記述のうち、最も不適切なのものはどれか。","ボルツマンマシンは、1980年代後半に、ジェフリー・ヒントンとテリー・セノフスキーの率いる研究グループによって提唱された。","ボルツマンマシンは、確率的なニューラルネットワークの一種である。","ボルツマンマシンの登場により、多層学習が可能になってAI学習の分野に拡充が戻り、学習できるデータ量が大幅に増えて実用化された。","制約付きボルツマンマシンは、人工ニューロン（ノード）の間の接続を制約し、データ処理をネットワークの入力部分と推定部分の2つに分けることで、教師あり学習に加えて教師なし学習も可能となった。","3","正解：３","（適切） ボルツマンマシンは、複雑な確率的システムをモデリングするための神経ネットワークシステムです。1980年代後半に、ジェフリー・ヒントンとテリー・セジュノスキーら研究グループによって提唱されました。","（適切） ボルツマンマシンは、データの中の関連性やパターンを見つけるための、確率的に動作するニューラルネットワークの一種です。","（不適切） ボルツマンマシンの登場によって、多層学習が可能になり、当時研究が下火になっていたAI学習の分野に活気が戻りました。しかし、学習できるデータ量が大幅に増えたことで処理に膨大な時間がかかるようになり、実用化はできませんでした。","（適切） 制約付きボルツマンマシンは、データの中の重要なパターンや特徴を見つけるために、人工ニューロン（ノード）の間の接続をランダムではなく特定のルールに基づいて制約し、データ処理をネットワークの入力部分と推定部分の2つに分けることで、効率化しています。これにより、次元削減、データの分類、データを特徴付ける傾向の学習などに応用が可能となったほか、教師あり学習に加えて教師なし学習も可能となりました"
"2章：生成AI","自己回帰モデルとディープラーニングに関する次の記述のうち、最も適切なのものはどれか。","自己回帰モデルは、過去のデータから将来を予測する方法であり、時系列データの予測に対して特に効果的である。","自己回帰モデルは、枠幅や天気などの刻々と変化するデータの予測には適さない。","ディープラーニングは、人間の脳の働きを模倣しようとした技術ではあるものの、複雑なパターンを学習する能力はない。","制約付きボルツマンマシンを多段に重ねた深層ネットワークの提唱は、ディープラーニングの技術の発展と関連性がない。","1","正解：１","（適切） 自己回帰モデルは、過去のデータから将来を予測する方法です。そのため、時系列データの予測に対して特に効果的といえます。","（不適切） 自己回帰モデルは、時系列データの予測に対して特に効果的です。そのため、株価や天気などの刻々と変化するデータの予測に適します。","（不適切） ディープラーニングは、人間の脳の働きを模倣した技術で、複雑なパターンを学習する能力があります。","（不適切） 2006年に、制約付きボルツマンマシンを多段に重ねた深層ネットワークが提唱され、この提唱からディープラーニングの技術は飛躍的に発展しました。したがって、ディープラーニングの技術の発展と関連性があります。"
"2章：生成AI","CNNに関する次の記述のうち、最も不適切なものはどれか。","CNNとは、Convolutional Neural Networkの略で、畳み込みニューラルネットワークと呼ばれる。","CNNは、画像認識や画像処理に非常に効果的なモデルである。","CNNは、画像の一部分ではなく全体からまとめて特徴を抽出する。","CNNは、畳み込みを繰り返すことで、画像の局所的な特徴から全体的な特徴を抽出できる。","3","正解：３","（適切） CNNとは、Convolutional Neural Networkの略で、畳み込みニューラルネットワークと呼ばれるものです。","（適切） CNNは、特に画像認識や画像処理において非常に効果的なモデルです。","（不適切） CNNでは、一般的な順伝播型のニューラルネットワークとは違い、複層的な畳み込み層を前提に、画像の一部分（局所的な範囲）から特徴を抽出し、次の階層に対応付け（畳み込み）をしていきます。","（適切） CNNは、画像内の小さな領域に焦点を当て畳み込み層を使用して、画像の最も細かな部分から抽出を始めて、徐々にその特徴を統合し、物体の全体像を認識することができます。"
"2章：生成AI","VAEに関する次の記述のうち、最も適切なのものはどれか。","VAEは、生成器と識別器の2つのネットワークから構成される。","VAEは、生成モデルの一種で、データの次元削減やデータ生成に使用されるニューラルネットワークである。","VAEにおけるデコーダは、入力データを、そのデータの重要な特徴を捉えた潜在ベクトルと呼ばれる低次元の表現に変換する役割を果たす。","VAEにおけるエンコーダは、入力として受け取った潜在ベクトルから、元のデータに近いものを生成する役割を果たす。","2","正解：２","（不適切） VAEは、エンコーダとデコーダの2つの主要な部分から構成されます。生成器と識別器という2つのネットワークから構成されるのは、GAN（敵対的生成ネットワーク）です。","（適切） VAEとは、Variational Autoencoderの略で、変分自己符号化器と訳されます。生成モデルの一種で、データの次元削減やデータ生成に使用されるニューラルネットワークです。","（不適切） 入力データを、そのデータの重要な特徴を捉えた潜在ベクトル（潜在変数）と呼ばれる低次元の表現に変換する役割を果たすのは、VAEにおけるエンコーダです。","（不適切） 入力として受け取った潜在ベクトルから、元のデータに近いものを生成する役割を果たすのは、VAEにおけるデコーダです。"
"2章：生成AI","GANに関する次の記述のうち、最も不適切なものはどれか。","GANは、生成器と識別器の2つのネットワークから構成される。","生成器は、ランダムノイズベクトルや潜在空間のサンプルを入力として受け取り、それを基にデータの生成を試みるもので、識別器を騙すようなデータを生成する役割を持つ。","識別機は、生成器が生成したデータと本物のデータを区別する役割を持ち、生成器が生成したデータについて、本物のデータと比較して、真偽を判断する。","GANの訓練は、生成器と識別器の2つのモデルに同一の機能を持たせ、互いに協力し合って行われる。","4","正解：４","（適切） GANとは、Generative Adversarial Networksの略で、敵対的生成ネットワークと訳されます。GANは、生成器と識別器という2つのネットワークから構成されます。","（適切） 生成器は、ランダムノイズベクトル（ランダムな数字の列）や潜在空間のサンプル（データの特徴を表す情報）を入力として受け取り、それを基にデータを生成する役割を持ちます。識別器を騙すようなデータを生成する役割を果たします。","（適切） 識別機は、生成器が生成したデータと本物のデータを区別する役割を持ち、生成器が生成したデータについて、本物のデータと比較して、真偽を判断します。","（不適切） GANの訓練は、生成器と識別器の2つのモデルに生成と識別という別々の役割を持たせ、相互に競い合う形で行われます。そのため、「敵対的」生成ネットワークと名付けられています。"
"2章：生成AI","RNNおよびLSTMに関する次の記述のうち、最も適切なのものはどれか。","RNNは、過去の情報を記憶しながら新しい入力を処理するという特性がある。","RNNは、音声データなどの長いデータの処理に適している。","LSTMは、並列学習に適する。","LSTMは、大規模データを学習するのに時間がかからない。","1","正解：１","（適切） RNNとは、回帰型ニューラルネットワークといわれ、過去の情報を記憶しながら（回帰型）新しい入力を処理するという特性があります。","（不適切） RNNは、音声データなどの長い連続したデータ（シーケンスデータ）の処理には適さず、音楽などの時系列データの処理に用いられます。","（不適切） LSTMとは、Long Short-Term Memoryの略で、長・短期記憶と訳されます。LSTMでより長い時間におけるシーケンスデータの依存関係の学習が可能となり、より複雑なパターンの時系列データの予測が可能になりました。ただし、時系列での学習においての並列学習には適しません。","（不適切） LSTMは、大規模データを学習するのには多大な時間がかかります。そのため、新たなモデルの開発が模索され、Transformerモデルへとつながっていきました。"
"2章：生成AI","Transformerモデルに関する次の記述のうち、最も不適切なものはどれか。","Transformerモデルは、文章や言葉の処理に特化した深いニューラルネットワークの一種で、文章の中で特に重要な部分に注意を払う『自己注意力』という新機能を採用している。","Transformerモデルは、時系列によるデータの順番に沿って処理をするため、多くの情報を同時並行的に処理することは困難である。","Transformerモデルは、Attention層のみを使用して構築されている。","Transformerモデルは、自己注意力の機能により、大規模なデータセットの学習時間の大幅な短縮が可能となった。","2","正解：２","（適切） Transformerモデルは、2017年に研究者の論文で紹介されたモデルで、文章や言葉の処理に特化した深いニューラルネットワークの一種です。このモデルは、文章の中で特に重要な部分に注意をする「自己注意力（Self-Attention）」という新機能を採用しています。","（不適切） Transformerモデルは、RNNやLSTMとは異なり、データの順番に関わりなく、多くの情報を同時並行的に処理することが可能です。","（適切） Transformerモデルは、文章の中で特に重要な部分に注意する「自己注意力（Self-Attention）」という新機能を採用し、Attention層のみを使用して構築されています。","（適切） Transformerモデルは、自己注意力（Self-Attention）の機能により、データの順番に依存せず、すべての要素を一度に考慮に入れて処理できるようになりました。このため、大量のデータを一度に処理でき、大規模なデータセットの学習時間を大幅に短縮できるようになりました。"
"2章：生成AI","次のア～エのうち、Transformerモデルの派生モデルとして適切なものは、いくつあるか。 ア RNN  イ ALBERT  ウ BERT  エ GPT-1","1つ","2つ","3つ","４つ","3","適切なものは イ・ウ・エ の3つです。","ア（不適切） RNNは、Transformerモデルとは別の種類の仕組みを採用しています。RNNは、特にシーケンスデータ（時系列データやテキストなどの連続するデータ）を処理する能力に優れており、過去の情報を記憶しながら新しい入力に基づいて出力を生成する能力を持っています。ただし、Transformerモデルと異なり並行処理はできないため、長いシーケンスデータの処理では性能が落ちることがあります。","イ（適切） ALBERTは、Transformerモデルの派生モデルです。","ウ（適切） BERTは、Transformerモデルの派生モデルです。","エ（適切） GPT-1は、Transformerモデルの派生モデルです。"
"2章：生成AI","BERTモデルに関する次の記述のうち、最も不適切なものはどれか。","BERTモデルにおいて採用されている『Masked Language Model』という仕組みは、列挙された単語を順序どおり読むことはできるが、その逆から読むことはできない。","BERTモデルにおいて採用されている『Masked Language Model』は、ランダムに選ばれた単語をマスクし、その単語の前後にある単語のすべての情報を使用して、単語を予測するものである。","BERTモデルにおいて採用されている『Masked Language Model』により、双方向性が実現され、単語の意味がその周囲の文脈により変わる場合でも、適切にその意味を捉えることができる。","BERTモデルは、ある文が別の文の直後に来るかどうかを予測するNSPという特徴も有しており、2つの文の関連性を理解する能力がある。","1","正解：１","（不適切） BERTモデルにおいて採用されている「Masked Language Model」という仕組みは、別挙された単語を語順どおりだけでなく、その逆から読むことも実現しています。","（適切） BERTモデルにおいて採用されている「Masked Language Model」は、文章からランダムに選択されたいくつかの単語を隠す（マスクする）ものです。隠された単語の前後の文脈にある単語の情報を用いて、隠された単語が何であるかを推測します。このプロセスによって、BERTモデルは、文章全体の文脈を深く理解する能力を養えます。","（適切） BERTモデルにおいて採用されている「Masked Language Model」により、BERTモデルの重要な特徴である「双方向性」が実現されました。これにより、単語の意味がその周囲の文脈により変わる場合でも、適切にその意味を捉えることができるようになりました。","（適切） BERTモデルは、ある文が別の文の直後に来るかどうかを予測するNSP（Next Sentence Prediction）という特徴も有します。これにより、2つの文の関連性を理解する能力があります。"
"2章：生成AI","Transformerモデル以降の派生モデルに関する次の記述のうち、最も不適切なのものはどれか。","RoBERTaは、Facebook AIがBERTの改良モデルとして発表したものである。","RoBERTaは、BERTの約10分の1のデータ量で訓練された。","ALBERTは、BERTを軽量にしたモデルで、パラメータの数を大幅に削減し、モデルの効率が向上した。","ALBERTは、ハードウェアリソースの制限や電力の制限など、計算リソースが制限されている環境でも高いパフォーマンスを実現することが可能である。","2","正解：２","（適切） RoBERTaは、2019年にFacebook AIがBERTの改良モデルとして発表したものです。","（不適切） RoBERTaは、BERTの約10倍のデータ量と長い時間を使って訓練されました。","（適切） ALBERTは、BERTを軽量にしたモデルで、Googleの研究者によって開発されました。パラメータの数を大幅に削減し、モデルの効率が向上しています。","（適切） ALBERTは、ハードウェアリソースの制限（低コストのパソコン、スマートフォン等）や電力の制限（低容量バッテリーを使用した機器等）など、計算リソースが制限されている環境でも高いパフォーマンスを実現することが可能です。"
"2章：生成AI","GPTモデルに関する次の記述のうち、最も不適切なのものはどれか。","GPT-1は、大規模なデータセットでトレーニングされ、自然言語処理（NLP）のタスクが実行可能だったが、文脈の理解が短絡的であり、長期的な会話の文脈を保持する能力が不足していた。","GPT-2は、GPT-1よりも、より人間らしく、適切な文脈のテキストを生成できるようになったため、リリース当初からすべてのバージョンが公開された。","GPT-3は、GPT-2よりも大幅にパラメータ数を増加させ、幅広い自然言語処理（NLP）タスクを実行できるようになったが、直感的な理解や外部知識へのアクセスを欠いていたため、特定の質問に対しては、依然として誤った回答となるそれなりな状態にあった。","GPT-3の登場で、非常に高い精度で文章の生成が可能となったが、インターネット上に蔓延する攻撃的な表現や誤った情報を学習データに含まれているため、多くの攻撃的な内容や間違った情報を生成する言語モデルができ上がる可能性の問題があった。","2","正解：２","（適切） GPT-1は、大規模なテキストデータセットでトレーニングされ、自然言語処理（NLP）のタスクを実行可能であったが、長期的な文脈を保持する能力に欠けるなどの問題があった。","（不適切） GPT-2は、GPT-1よりも大規模なデータセットで学習され、より自然で適切な文章を生成できるようになったが、誤用・悪用のリスク管理が十分でなかった。","（適切） GPT-3は、約1,750億のパラメータを持ち、大規模なデータセットで学習され、幅広い自然言語処理タスクを実行可能になったが、外部知識のアクセスは欠いていた。","（適切） GPT-3は、パラメータ数を増やし、大規模なデータで学習することで高精度な文章生成を可能にしたが、学習データに攻撃的な表現や誤った情報が含まれている可能性があった。"
"2章：生成AI","GPT-3, InstructGPT, GPT-3.5に関する次の記述のうち、最も不適切なのものはどれか。","GPT-3において、攻撃的な内容や間違った情報を生成する言語モデルができ上がる可能性があるという問題を解決すべく、InstructGPTがリリースされた。","InstructGPTは、GPT-3をベースとして開発され、RLHFという仕組みを採用している。","GPT-3.5は、InstructGPTと異なり、RLHFを採用していない。","RLHFは、強化学習の一つの手法で、人間のフィードバックに基づいて出力を矯正する方法である。","3","正解：３","（適切） GPT-3はインターネット上の情報を学習したため、攻撃的な内容や誤った情報を生成するリスクがあった。その問題を解決するために「InstructGPT」が開発された。","（適切） InstructGPTはGPT-3を基に開発されたモデルで、人間のフィードバックを活用するRLHF（Reinforcement Learning from Human Feedback）を採用している。","（不適切） GPT-3.5もInstructGPTと同じくRLHFを採用しているが、GPT-3との間に大きな違いがある。","（適切） RLHFは強化学習の手法の一つで、人間がモデルの行動を評価し、そのフィードバックを元に学習させることで、より適切な出力を生成する能力を向上させる。"
"2章：生成AI","GPTモデルに関する次の記述のうち、最も適切なのものはどれか。","2022年後半、GPT-3.5を対話向けにファインチューニングしたWebアプリケーションサービス「ChatGPT」がリリースされた。","モデルを人間の求める適切な回答を出すように調整することを、クラスタリングという。","ハルシネーションとは、AIモデルが不正確あるいは誤った情報を、あたかも正確・正しい情報のように生成することをいうが、GPT-4は、GPT-3.5と比べ、ハルシネーションの割合に差異はない。","GPT-4は、マルチモーダルなモデルであるが、画像を用いた入力は可能になっていない。","1","正解：１","（適切） GPT-3.5は2022年11月に対話向けにファインチューニングされ、「ChatGPT」としてリリースされた。","（不適切） モデルを適切に調整することを「アライメント（Alignment）」というが、クラスターリングは教師なし学習の手法であり、文の調整とは異なる。","（不適切） ハルシネーション（hallucination）は、AIが誤った情報をあたかも正しい情報のように生成する現象を指す。GPT-4ではGPT-3.5と比べ、ハルシネーションの割合が19～29%程度減少している。","（不適切） GPT-4はマルチモーダルなモデルであり、テキストだけでなく画像の入力や処理が可能になった。"
"3章：現在の生成AIの動向","テキスト生成AIに関する次の記述のうち、最も不適切なのものはどれか。","テキスト生成AIの学習過程で用いられるRNNとは、コンピュータが自然言語の複雑さや曖昧さを扱いながら、テキストデータを理解・生成するために必要な技術の総称をいう。","テキスト生成AIは、NLPの技術と機械学習の技術を組み合わせることで、大量のテキストデータを学習し、そのパターンや構造を把握することで文章を生成する。","テキスト生成AIの学習データには、Web上の文章、書籍、ニュース記事など、さまざまな情報源が使われる。","テキスト生成AIの利用シーンは、小説や記事の執筆、チャットボットへの実装、文章の要約、翻訳や校正など、文字を使用したクリエイティブな作業全般にわたる。","1","正解：１","（不適切） NLP（自然言語処理）は、コンピュータが自然言語を処理・生成するための技術の総称。RNNは過去の情報を記憶しながら処理を行うニューラルネットワークの一種。","（適切） テキスト生成AIは、NLPの技術と機械学習を組み合わせることで、大量のテキストデータからパターンを学習し、文章を生成する。","（適切） テキスト生成AIの学習データにはWebの文章、書籍、ニュース記事、会話データなど様々な情報源が含まれる。","（適切） テキスト生成AIは、小説や記事の執筆、要約、翻訳、文法・スタイルの修正など、テキスト関連の作業に広く活用できる。"
"3章：現在の生成AIの動向","テキスト生成AIを利用するメリットに関する次の記述のうち、最も不適切なのものはどれか。","作業効率が向上する。","与えられたテキストの内容を理解し、関連する情報を補完・拡張したり、アイデアを創出したりすることができる。","プログラミングコードの生成・修正が容易にできる。","偏見や差別的な表現の生成がなくなる。","4","正解：４","（適切） 短時間で多くの文章を生成できるため、コンテンツ作成やタスクの自動化に活用できる。","（適切） テキスト生成AIは、入力された文章を理解し、関連情報を補完・拡張することが可能。","（適切） 専門知識がなくても、高速かつ正確なコード生成が可能で、入力されたコードの誤りを検出・修正することもできる。","（不適切） 学習データに偏りがある場合、その偏りを反映したテキストを生成する可能性があるため、倫理的な配慮が必要。"
"3章：現在の生成AIの動向","テキスト生成AIを利用するデメリットや留意点に関する次のア～エの記述のうち、適切なものはいくつあるか。①偽情報や誤った情報の生成の可能性がある。②偏見や差別的な表現の生成の可能性がある。③特定の文脈や専門知識に関して限定的な理解しか持っていない場合がある。④AIが管理してくれるため、データプライバシーとセキュリティに留意する必要はない。","1つ","2つ","3つ","４つ","3","適切なもの は ア・イ・ウ の3つです。","ア（適切） テキスト生成AIは、大量のデータを学習しているため、正確な情報を生成することが期待されますが、いわゆる「ハルシネーション」として、誤った情報や偽情報をあたかも真実の情報のように生成することがあります。","イ（適切） テキスト生成AIは、学習データに偏りがある場合、その偏りを反映する可能性があります。差別的な表現や偏った意見を生成することがあるため、生成されたテキストの倫理的な側面に留意する必要があります。","ウ（適切） 学習データに基づいてテキストを生成するため、特定の文脈や専門知識に関して限定的な理解しか持っていない場合があります。そのため、生成されたテキストを人間がチェックすることで、情報の正確性について補完・修正が必要となる場合もあります。","エ（不適切） テキスト生成AIは、ユーザーが入力するテキストから学習することがあります。そのため、入力テキストには、個人情報やセンシティブ情報を含めないよう配慮するなど、データプライバシーとセキュリティに留意する必要があります。"
"3章：現在の生成AIの動向","画像生成AIにおける画像データ作成手法に関する次の記述のうち、最も不適切なのものはどれか。","画像生成AIにおける画像データ作成手法として、RNNが用いられる。","画像生成AIにおける画像データ作成手法として、CNNが用いられる。","画像生成AIにおける画像データ作成手法として、GANが用いられる。","画像生成AIにおける画像データ作成手法として、VAEが用いられる。","1","正解：１","（不適切） 画像生成AIにおける画像データ作成手法としては、RNN（回帰型ニューラルネットワーク）は用いられません。RNNは、過去の情報を記憶しながら（回帰型）新しい入力を処理するもので、主に音楽や時系列データの処理に用いられます。","（適切） 画像生成AIにおける画像データ作成手法として、CNN（畳み込みニューラルネットワーク）が用いられます。","（適切） 画像生成AIにおける画像データ作成手法として、GAN（敵対的生成ネットワーク）が用いられます。","（適切） 画像生成AIにおける画像データ作成手法として、VAE（変分自己符号化器）が用いられます。"
"3章：現在の生成AIの動向","画像生成AIを利用するメリット・デメリットに関する次の記述のうち、最も適切なのものはどれか。","画像生成AIを利用することで、創造性と多様性が失われる。","画像生成AIを利用する場合、バイアスの影響に留意する必要がある。","画像生成AIを利用しても、デザインのプロトタイプの作成と検証には長時間がかかる。","画像生成AIが生成した画像であれば、著作権法に触れることはない。","2","正解：２","（不適切） 画像生成AIを利用することで、創造性と多様性が促進されるとされますが、生成される画像には人間が考えつかないような多様なバリエーションが含まれるため、必ずしも革新的な視覚的表現のみが生まれるわけではありません。","（適切） 学習データにバイアス（偏り）があれば、たとえば、特定の人種や性別に偏った画像を生成するなど、画像生成AIの性能に影響を与える可能性があります。そのため、バイアスの影響に留意する必要があります。","（不適切） 画像生成AIを利用することで、デザインのプロトタイプの作成や検証を素早く短時間で行うことができます。","（不適切） 画像生成AIが生成した画像が既存の著作物を模倣したり、参照したりする場合、著作権法に触れる可能性があります。特に、生成された画像を商用利用する場合、その画像が他に帰属する著作権を侵害していないか確認する必要があります。"
"3章：現在の生成AIの動向","音楽生成AIに関する次の記述のうち、最も不適切なのものはどれか。","音楽生成AIの学習データとしては、MIDIやJPEGファイルが用いられる。","音楽生成AIの学習過程では、ディープラーニングモデルを用いて、データセットの情報を水増しするが、RNNは、シーケンスデータの処理に長けているため、音楽の生成に適している。","音楽生成AIを活用することで、作曲や編曲のプロセスを効率化することができるというメリットがある。","音楽生成AIは、現在のところ、人間の感情的な深みや複雑さを完全に捉えることは難しいが、今後その利用により、音楽家などの職業に対する需要が減少したり、市場が混乱したりする可能性がある。","1","正解：１","（不適切） 音楽生成AIの学習データとしては、MIDIファイルや音楽記譜法に基づく音符のシーケンスなど、さまざまな形式で存在する音楽データが含まれます。しかし、JPEGファイルは画像ファイルであり、一般に音楽生成AIの学習データとしては用いられません。","（適切） 音楽生成AIの学習過程では、RNNなどのディープラーニングモデルを用いて、データセットの情報を水増しします。このRNNは、シーケンスデータの処理に長けているため、音楽（音符の連続）の生成に適しています。","（適切） 音楽制作には多くの時間と労力がかかりますが、音楽生成AIを活用することで、作曲や編曲のプロセスを効率化することができます。","（適切） 音楽生成AIは、現状では人間の感情的な深みや複雑さを完全に捉えることは難しいとされています。しかし、今後その利用が増加し、AIによって作成された音楽がストリーミングサービスに大量にアップロードされるなどすると、音楽家などの職業に対する需要が減少したり、市場が混乱したりする可能性があります。"
"3章：現在の生成AIの動向","音声生成AIおよび動画生成AIに関する次の記述のうち、最も適切なのものはどれか。","音声生成AIの学習では、大量の音声データを使用してディープラーニングモデルをトレーニングするが、その際、一般的に教師なし学習が用いられる。","音声生成AIの活用は、アクセシビリティの向上にはつながらない。","動画生成AIの学習において、最も一般的に用いられる手法は、GANとVAEである。","動画は、時間的に連続するフレームの集合であり、動画生成AIの学習では、AIが動画データを処理しやすいようにフレームごとに分割する前処理をするが、各フレーム間の一貫性を保つ必要はない。","3","正解：３","（不適切） 音声生成AIの学習では、大量の音声データを使用してディープラーニングモデルをトレーニングします。その際、一般的に教師あり学習が用いられます。","（不適切） 音声生成AIの活用は、テキストを音声に変換したり、手書きの入力を音声に変換したり、多様な方法でコミュニケーションを補完することができます。これにより、視覚的な障害を持つ人々や手が使えない人々などにとって、アクセシビリティの向上につながります。","（適切） 動画生成AIの学習において、最も一般的に用いられる手法は、GANとVAEです。動画生成の過程では、GANは本物らしいフレーム生成の役割を、VAEはデータの生成モデルを学習する役割を担います。","（不適切） 動画生成AIの学習では、AIが動画データを処理しやすいようにフレームごとに分割する前処理をします。動画は時間的に連続するフレームの集合のため、各フレーム間の一貫性を保つ必要があります。"
"3章：現在の生成AIの動向","動画生成AIとディープフェイクに関する次の記述のうち、最も不適切なのものはどれか。","動画生成AIによって生成された動画は、映像の連続性、音と映像の同期、キャラクターの動きや表情の自然さなどの点で、人間が手作業で制作したものに比べて品質が劣る可能性がある。","ディープフェイク技術で用いられる主なディープラーニングモデルは、BERTである。","高度に進化したディープフェイクは、人間の目や現行のAI技術でも見分けることが難しい場合がある。","ディープフェイク技術は、人物の顔や声を非常にリアルに模倣できるため、他人の同意を得ずにその顔や声を使用すると、倫理的な問題をはじめ、プライバシーの侵害や名誉棄損などの法的問題を引き起こす可能性もある。","2","正解：２","（適切） 動画生成AIによって生成された動画は、人間が手作業で制作したものに比べて品質が劣る可能性があります。たとえば、映像の連続性、音と映像の同期、キャラクターの動きや表情の自然さなどの点においてです。","（不適切） ディープフェイク技術で用いられる主なディープラーニングモデルは、GAN や VAE です。大量の画像や動画データを学習し、元の映像との類似性を最大化するようにモデルが調整されます。なお、BERT は動画処理ではなく、Googleが開発した自然言語処理のモデルで、Transformer の一部がベースとなっているものです。","（適切） 高度に進化したディープフェイクは、人間の目や現在のAI技術では見分けが難しい場合もあります。そのため、ディープフェイクの検出と対策は、現在のAI研究の重要な課題となっています。","（適切） ディープフェイク技術は、人物の表情や音声を非常に正確にリアルに再現できます。しかし、同意を得ずに特定の個人の表情や音声を模倣することは、深刻な倫理的な問題を引き起こすとともに、プライバシーの侵害や名誉棄損といった法的責任を問われる可能性もあります。ディープフェイクの不正使用は、偽情報の拡散や信頼性の損失など、社会にも広範な影響を及ぼします。"
"4章：情報リテラシー・基本理念とAI社会原則","インターネットリテラシーに関する次の記述のうち、最も不適切なものはどれか。","インターネットリテラシーとは、インターネットのルール・便利さ・脅威を理解し、適切に使用するためのスキルと知識を指す。","テクノロジーの理解は、インターネットリテラシーに含まれる。","セキュリティとプライバシーは、インターネットリテラシーに含まれる。","デジタル市民権は、インターネットリテラシーに含まれない。","4","正解：４","（適切） リテラシーとは、理解・活用といった意味の言葉です。インターネットリテラシーとは、インターネットのルール・便利さ・脅威を理解し、適切に使用するためのスキルと知識を指します。","（適切） テクノロジーの理解とは、進化するテクノロジーを時代に合わせて理解する能力をいい、インターネットリテラシーに含まれます。","（適切） セキュリティとプライバシーとは、自分のデータとプライバシーを保護するための方法を理解し、適用する能力をいい、インターネットリテラシーに含まれます。","（不適切） デジタル市民権とは、①情報を効果的に見つけ、アクセスし、利用し、創造することができ、②他のユーザーやコンテンツと積極的に、批判的に、繊細に、そして、倫理的に関わり、③自らの権利を認識しながら、④オンラインとICT環境を安全かつ責任を持ってナビゲートできることをいい、インターネットリテラシーに含まれます。"
"4章：情報リテラシー・基本理念とAI社会原則","セキュリティとプライバシーに関する次の記述のうち、最も不適切なものはどれか。","フィッシング詐欺は、メールやWebサイトを通じてユーザーの個人情報を盗み出す詐欺である。","QRコードは、スキャンすることで関連付けられたURLに自動的に誘導される便利なものだが、物理的に偽のQRコードに貼り直されるなど、その便利さが攻撃者に悪用されるリスクもある。","利用可能なWi-Fiに自動接続する設定にしておくと、偽のWi-Fiに接続して通信を盗聴されるといったリスクがある。","カフェや施設の名称の付いたフリーWi-Fiに自ら手動で接続する形にすれば、偽のWi-Fiに接続して通信を盗聴されるといったリスクはない。","4","正解：４","（適切） フィッシング詐欺は、メールやWebサイトを通じてユーザーの個人情報を盗み出す（フィッシング）詐欺です。","（適切） QRコードは、Quick Response code の略で、スキャンすることで関連付けられたURLに自動的に誘導される便利なものです。しかし、その誘導元であるQRコードが、物理的に偽のQRコードに貼り直されるなど、その便利さが攻撃者に悪用されるリスクもあります。","（適切） 利用可能なWi-Fiに自動接続する設定にしておくと、悪意のある攻撃者が設置した偽のWi-Fiスポットに誤って接続する可能性があり、データの漏洩や個人情報の侵害のほか、感染したネットワーク通信が傍受されるリスクがあります。そのため、特に公共の場所では、信頼できるネットワークのみを手動で選択し、接続することが重要です。","（不適切） カフェや施設の名称の付いたフリーWi-Fiであっても、攻撃者が正規のネットワークだと思わせる名前で設置している可能性もあり、通信を盗聴されるといったリスクはあります。単なるWi-Fiの名称だけでなく、正規のWi-Fiであることを確かめてから接続する必要があります。"
"4章：情報リテラシー・基本理念とAI社会原則","インターネット上のセキュリティ脅威に関する次の記述のうち、最も不適切なのはどれか。","インターネット上のセキュリティ脅威は、アップロード時には存在しないが、ダウンロード時には存在する。","マルウェアとは、コンピュータやその利用者に被害をもたらすことを目的とした、悪意のあるソフトウェアの総称である。","マルウェア対策として、アンチウィルスソフトウェアを常に最新の状態に保ち、定期的にシステムスキャンを行うことが有効である。","マルウェア対策として、未知のソースからのファイルのソースを確認することが有効である。","1","正解：１","（不適切） インターネット上のセキュリティ脅威は、アップロード時にもデータ漏洩の脅威などが存在します。なお、ダウンロード時にはマルウェア感染の脅威などが存在します。","（適切） マルウェアとは、コンピュータやその利用者に被害をもたらすことを目的とした、悪意のあるソフトウェアの総称です。マルウェアなどのソフトウェアは、デバイスを損傷したり、個人情報を不正に取得したり、その他の有害な活動を行うことを目的としています。","（適切） マルウェア対策として、アンチウイルスソフトウェアを常に最新の状態に保ち、定期的にシステムスキャンを行うことが有効です。マルウェア感染の有無を確認し、万一、感染していた場合には早急に駆除することが必要です。","（適切） マルウェア対策として、未知のソースからのファイルは開かないこと、また、ダウンロードする前にファイルのソースを確認することが有効です。"
"4章：情報リテラシー・基本理念とAI社会原則","インターネット上のセキュリティ脅威に関する次の記述のうち、最も不適切なのものはどれか。","ランサムウェアとは、マルウェアの中でも特に危険なもので、コンピュータのデータを無断で暗号化し、使用者に対し、暗号化を解除するための身代金を要求するものである。","マルウェア対策として、未知のソースからのファイルは、ダウンロードして開いたうえで、ウイルスソフト等でチェックをするのがよい。","フィッシング詐欺対策として、不審なリンクはクリックしないように注意し、リンクをクリックする際は、WebサイトのURLに注意し、それが本物であることを確認する必要がある。","インターネットを使用する際、プライバシー設定をせずにスマートフォンやパソコンを使用していると、知らぬ間にプライベートな情報が外部に漏れる可能性がある。","2","正解：２","（適切） ランサムウェアとは、マルウェアの中でも特に危険なものです。ランサムとは「身代金」を意味し、コンピュータのデータを無断で暗号化し、使用者に対し、暗号を解除するための身代金を要求してきます。","（不適切） マルウェア対策として、未知のソースからのファイルは、そもそも開かないことが重要です。また、ダウンロードする前にファイルのソースを確認する必要があります。","（適切） フィッシング詐欺対策として、まず、不審なリンクはクリックしないように注意することが重要です。また、リンクをクリックする際は、WebサイトのURLに注意し、それが本物であることを確認する必要があります。","（適切） インターネットを使用する際、プライバシー設定をせずにスマートフォンやパソコンを使用していると、知らぬ間にプライベートな情報が外部に漏れる可能性があります。プライバシー設定は、インターネット使用時におけるセキュリティの観点から、非常に重要な役割を果たします。"
"4章：情報リテラシー・基本理念とAI社会原則","ソーシャルエンジニアリング攻撃に関する次の記述のうち、最も適切なのはどれか。","ソーシャルエンジニアリング攻撃におけるスピアフィッシングとは、魅力的に見える情報や商品でユーザーの興味をひき、個人情報を得たりマルウェアをダウンロードさせたりする手法をいう。","ソーシャルエンジニアリング攻撃におけるプレテキストとは、攻撃者が偽のシナリオを作り出し、ターゲットを騙すための根拠や前提を提供して、ユーザーのパスワードや他の機密情報を聞き出すなどする手法をいう。","ソーシャルエンジニアリング攻撃におけるベイト攻撃とは、秘密情報や他人に知られたくない情報をつかんだ攻撃者が、その情報を公開しない代わりに金銭を要求するという手法をいう。","ソーシャルエンジニアリング攻撃におけるブラックメールとは、特定の個人や組織を標的にして、ユーザーになりすますことで情報を盗む手法をいう。","2","正解：２","（不適切） ソーシャルエンジニアリング攻撃におけるスピアフィッシングとは、特定の個人や組織を標的にしたフィッシング攻撃の一種で、ユーザーになりすますことで情報を盗む手法をいいます。魅力的に見える情報や商品でユーザーの興味を引き、個人情報を得たりマルウェアをダウンロードさせたりする手法は、ベイト攻撃 です。","（適切） ソーシャルエンジニアリング攻撃におけるプレテキスト とは、攻撃者が偽のシナリオを作り出し、ターゲットを騙すための根拠や前提を提供して、ユーザーのパスワードや他の機密情報を聞き出すなどする手法をいいます。たとえば、攻撃者はITサポートのスタッフを装うなどして、アプローチしてきます。","（不適切） ソーシャルエンジニアリング攻撃におけるベイト攻撃 とは、魅力的に見える情報や商品でユーザーの興味を引き、個人情報を得たりマルウェアをダウンロードさせたりする手法をいいます。秘密情報や人に知られたくない情報をつかんだ攻撃者が、その情報を公開しない代わりに金銭を要求するという手法は、ブラックメール です。","（不適切） ソーシャルエンジニアリング攻撃におけるブラックメール とは、秘密情報や他人に知られたくない情報をつかんだ攻撃者が、その情報を公開しない代わりに金銭を要求するという手法をいいます。特定の個人や組織を標的にして、ユーザーになりすますことで情報を盗む手法は、スピアフィッシング です。"
"4章：情報リテラシー・基本理念とAI社会原則","生成AIの技術的発展に潜む脅威に関する次の記述のうち、不適切なものはいくつあるか。","生成AIの技術的発展は、詐欺をする者（攻撃者）にも技術力を与え、準備にかかる時間的、金銭的コストを削減することになる。","生成AIの技術的発展により、世界中のどこからでも、また、相手の言語に精通していなくても、違和感のないフィッシングメールの生成が可能となる懸念がある。","生成AIの技術的発展により、大規模な災害やテロ、戦争などが発生した際、特定の団体をおとしめる動画や、起きていないことを実際に起きたかのように見せる動画を作ることが可能となる懸念がある。","生成AIの技術的発展により、フィッシング詐欺やワンクリック詐欺で用いられる偽のWebサイトが、公式Webサイトと見分けがつかないほど精巧・高品質になる可能性がある。","","不適切なものは、なしです。","ア（適切） 生成AIの技術的発展は、詐欺をする者（攻撃者）にも技術力を与えます。それにより、たとえば、フィッシング詐欺を行うためのWebサイトの制作や、メール攻撃を行うための送信メールの作成等、準備にかかる時間的・金銭的コストを削減することになるという懸念があります。","イ（適切） 生成AIの技術的発展により、攻撃者が翻訳や外国語に習熟していなくても、地理的な場所や言語の壁を越えて世界中のどこからでも、また、どこに対してでも、メール受信者にとって自然に見えるフィッシングメールを作り出せるようになるという懸念があります。","ウ（適切） 生成AIの技術的発展により、大規模な災害やテロ、戦争などが発生した際、特定の団体をおとしめる動画や、起きていないことを実際に起きたかのように見せる動画を作ることが可能となる懸念があります。この技術が悪用された場合、たとえば、偽のニュース映像がソーシャルメディアで共有され、緊急事態に対する不正確な認識を生み出し、パニックを引き起こしたり、誤った報復行動を促したりするなど、人々の認識や行動に深刻な影響を及ぼす可能性があります。","エ（適切） 生成AIの技術的発展により、フィッシング詐欺やワンクリック詐欺で用いられる偽のWebサイトが、公式Webサイトと見分けがつかないほど精巧・高品質になるという懸念があります。この進化したAIを使えば、攻撃者は、企業のブランドイメージやユーザーインターフェース（UI）を完璧に模倣し、信頼性の高い偽サイトを作成することが可能です。これにより、ユーザーが、ログイン情報、クレジットカードの詳細、個人識別情報といった自らの機密情報を、知らないうちに提供してしまう危険があります。"
"4章：情報リテラシー・基本理念とAI社会原則","個人情報保護法に関する次の記述のうち、最も不適切なものはどれか。","個人情報保護法は、2005年に全面施行された個人情報の保護に関する法律である。","個人情報保護法の目的として、個人の権利利益を保護することに加え、個人情報の有用性に配慮することも求められている。","個人情報保護委員会は、個人情報の適切な取扱いを監視・監督し、違反があった場合は是正勧告や命令などを行う権限を持つ内閣府の外局である。","取り扱う個人情報によって識別される特定の個人の数の合計が、過去6月以内のいずれの日においても5,000を超えない場合は、個人情報取扱事業者に該当しない。","4","正解：４","（適切） 個人情報保護法 は、2005年に全面施行された個人情報の保護に関する法律です。個人情報の取扱いに関する基本的なルールを定め、個人のプライバシーを守ることを目的としています。特に、個人情報を取り扱う事業者に対して、その収集・利用・管理における義務を規定しており、不適切な取扱いから個人を保護することを求めています。","（適切） 個人情報保護法は、個人情報の有用性に配慮しつつ、個人の権利利益を保護することを目的としています。","（適切） 個人情報保護委員会 は、個人情報の適切な取扱いを監視・監督し、違反があった場合は是正勧告や命令などを行う権限を持つ内閣府の外局です。民間の機関ではなく、行政機関であり、個人情報保護法に基づいて設置されています。また、個人情報の安全管理措置の充実や、事業者による自己点検の促進、さらに、一般市民への個人情報保護に関する啓蒙活動も行っています。","（不適切） 個人情報取扱事業者 とは、個人情報データベース等を事業の用に供している者をいいます。取り扱う個人情報によって識別される特定の個人の数に関わりません。"
"4章：情報リテラシー・基本理念とAI社会原則","個人情報保護法第2条の定義に関する次の記述のうち、最も不適切なものはどれか。","「個人情報」とは、生存する個人に関する一定の情報をいい、死者に関する情報は含まれない。","指紋認証データ等、身体の一部の特徴を電子処理のために変換した符号は、「個人情報」に含まれる。","サービス利用や書類において利用者ごとに割り振られる符号は、「個人情報」に含まれない。","「個人情報」には、その情報単体では特定の個人を識別することができなくても、他の情報と容易に照合することができ、それにより特定の個人を識別することができることとなる一定のものも含まれる。","3","正解：３","（適切） 個人情報 とは、「生存する個人」に関する情報であって、①当該情報に含まれる氏名、生年月日その他の記述等により特定の個人を識別することができるもの、または、②個人識別符号が含まれるものをいいます。死亡者に関する情報は、個人情報には含まれません。","（適切） 特定の個人の身体の一部の特徴を電子計算機のために変換した符号（顔認証データ、指紋認証データ、DNA情報等）は、「個人識別符号」として、個人情報に含まれます。","（不適切） サービス利用や書類において利用者ごとに割り振られる符号（免許証番号、住民票コード、マイナンバー、基礎年金番号等）は、「個人識別符号」として、個人情報に含まれます。","（適切） 個人情報には、その情報に含まれる氏名、生年月日その他の記述等により特定の個人を識別することができるものが含まれます。さらに、その情報単体では特定の個人を識別することができなくても、他の情報と容易に照合することができ、それにより特定の個人を識別することができることとなるものも含まれます。"
"4章：情報リテラシー・基本理念とAI社会原則","次のア～エのうち、他の情報と容易に照合することが可能で、それにより個人を識別できるとして、個人情報に該当するものはいくつあるか。　(ア)電話番号、(イ)勤務先、(ウ)家族構成、(エ)企業の財務情報","1つ","2つ","3つ","４つ","3","正解：３　個人情報に該当するものは、ア・イ・ウの3つです。","ア（該当する）電話番号 は、他の情報と容易に照合することが可能で、それにより個人を識別できるとして、個人情報に該当します。","イ（該当する）勤務先 は、他の情報と容易に照合することが可能で、それにより個人を識別できるとして、個人情報に該当します。","ウ（該当する）家族構成 は、他の情報と容易に照合することが可能で、それにより個人を識別できるとして、個人情報に該当します。","エ（該当しない）企業の財務情報等、法人等の団体に関する情報（団体情報） は、個人情報には該当しません。"
"4章：情報リテラシー・基本理念とAI社会原則","要配慮個人情報および機微情報に関する次の記述のうち、最も不適切なものはどれか。","要配慮個人情報とは、本人に対する不当な差別等が生じないように、その取扱いに特に配慮を要する一定の個人情報をいい、この情報を収集・使用・開示するためには、原則として、事前にその人物から明示的な同意を得ることが必要である。","要配慮個人情報には、本人の人種、信条、社会的身分は含まれるが、病歴、犯罪の経歴、犯罪により害を被った事実は含まれない。","機微情報とは、金融分野における個人情報保護に関するガイドラインで定められているもので、要配慮個人情報よりも広い概念である。","本人を目視し、または、撮影することにより取得するその外形上明らかなものは、機微情報に含まれない。","2","正解：２","（不適切） 要配慮個人情報とは、本人に対する不当な差別、偏見その他の不利益が生じないようにその取扱いに特に配慮を要するものとして、政令で定める人種、信条、社会的身分、病歴、犯罪の経歴等が含まれる個人情報をいいます。企業や組織は、これらの情報を収集、使用、または開示する前に、原則としてその人物から明示的な同意を得ることが必要です。","（不適切） 本人の人種、信条、社会的身分、病歴、犯罪の経歴、犯罪により害を被った事実は、いずれも要配慮個人情報に含まれます。","（適切） 機微（センシティブ）情報とは、金融分野における個人情報保護に関するガイドラインで定められている概念です。要配慮個人情報よりも広い概念となっています。","（適切） 本人を目視し、または撮影することにより取得するその外形上うかがえるものは、機微情報には含まれないとされています。"
"4章：情報リテラシー・基本理念とAI社会原則","匿名加工情報に関する次の記述のうち、最も不適切なものはどれか。","匿名加工情報とは、個人情報の区分に応じて、法に定められた措置を講じて、特定の個人を識別することができないように個人情報を加工して、後に当該個人情報を復元することができるようにした情報である。","事業者が匿名加工情報を取り扱う場合、加工方法等の情報の安全管理措置を講じる義務がある。","事業者が匿名加工情報を自ら利用するときは、元の個人情報に係る本人を識別する目的で他の情報と照合してはならない義務がある。","事業者が匿名加工情報を第三者提供する場合には、提供する情報の項目および提供方法について公表するとともに、提供先に当該情報が匿名加工情報である旨を明示する義務がある。","1","正解：１","（不適切）匿名加工情報 とは、個人情報の区分に応じて、法に定められた措置を講じて、特定の個人を識別することができないように個人情報を加工し、後に当該個人情報を復元することができないようにした情報 です。","（適切）事業者が匿名加工情報を取り扱う場合、加工方法等の情報の安全管理措置を講じる義務 があります。これは、元の個人情報から特定の個人を識別することができないように適切に加工するとともに、加工情報が識別や漏洩のリスクにさらされないように保護するため です。","（適切）事業者が匿名加工情報を自ら利用する際には、元の個人情報に係る本人を識別する目的で他の情報と照合してはならない義務 があります。この規定は、匿名加工情報の本質的な目的を維持し、個人のプライバシーを保護するために重要な意味を持ちます。事業者は、匿名加工情報を統計データの作成や市場調査など、特定の個人を識別する必要がない範囲でのみ使用できます。 事業者が匿名加工情報を他の情報と照合し、個人を特定しようとすると、個人情報保護法に反する行為となります。","（適切）事業者が匿名加工情報を第三者提供する場合は、提供する情報の項目および提供方法について公表する義務があります。 加えて、提供先に当該情報が匿名加工情報である旨を明示する義務もあります。"
"4章：情報リテラシー・基本理念とAI社会原則","知的財産に係る権利に関する次の記述のうち、最も不適切なものはどれか。","特許権とは、新しい発明、技術、製品、プロセスなどに対して、特許庁に出願し、設定の登録を受けることにより発生する権利である。","商標権とは、企業や商品の識別マークについて、商標登録をすることで発生する権利である。","著作権とは、著作物（著者が、思想または感情を創造的に表現したものであって、文芸、学術、美術または音楽の範囲に属するもの）について、著作者が著作登録をすることで発生する権利である。","意匠権とは、製品の形状、模様、色彩などの視覚的特性や、建築物の形状等または画像について、意匠登録をすることで発生する権利である。","3","正解：３","（適切）特許権 とは、新しい発明、技術、製品、プロセス などに対して、特許庁に出願し、設定の登録を受けることにより、出願者に与えられる権利です。他の人がその発明を用いて製造・使用・販売することを一定期間（通常は特許出願の日から20年） 制限します。","（適切）商標権 とは、企業や商品の識別マーク（たとえば、ロゴ、ブランド名など）について、商標登録をすることで発生する権利です。商標の使用をする者の業務上の信用の維持を図り、需要者の利益を保護するため、登録の日から10年間存続し、更新することができます。","（不適切）著作権 とは、著作物（著作者が、思想または感情を創造的に表現したもの） であって、文芸、学術、美術または音楽の範囲に属するものを創作した者（著作者） に与えられる権利です。著作権は自動的に付与され、登録等は必要ありません。 これにより、著作者は、その作品の使用、複製、配布、展示、演奏に関する独占的な権利を有します。","（適切）意匠権 とは、製品の形状、模様、色彩などの視覚的特性 や、建築物の形状等または画像 について、意匠登録をすることで発生する権利です。登録の日から25年間存続し、他の人が同じまたは類似のデザインを使用することを制限します。"
"4章：情報リテラシー・基本理念とAI社会原則","肖像権とパブリシティ権に関する次の記述のうち、最も不適切なものはどれか。","肖像権は、自分の肖像を自由に管理し、他人に無断で使用させないための権利である。","肖像権に基づき、自分の顔や姿を、写真、映像、絵などによって他人が公に表現することを制限できる。","パブリシティ権は、肖像権を構成する要素の一つであり、特定の個人の名前、画像、声、そのほかの個人を特定する特徴（肖像）について、他の人々がその個人の許可なく商業的に利用することを制限する権利である。","肖像権は、法律の明文で規定され、保護されている。","4","正解：４","（適切）肖像権 とは、自分の肖像を自由に管理し、他人に無断で使用させないための権利です。肖像権により、自己の肖像が商業的な広告、商品、またはその他の形式で無断使用されることを防げます。","（適切）肖像権 は、それを根拠に、自分の顔や姿を、写真、映像、絵などによって他人が公に表現することを制限できる権利 です。肖像権は、個人のプライバシー保護を目的としています。","（適切）パブリシティ権 とは、肖像権を構成する要素の一つ で、特定の個人（特に有名人や著名人）の名前、画像、声、その他の個人を特定する特徴（すなわち、その人物の「肖像」）について、他の人々がその個人の許可なく商業的に利用することを制限する権利 です。","（不適切）肖像権は、法律で明文化されていません。 ただし、明文化されていないものの、一般的には、日本国憲法第13条の幸福追求権に基づいて保護されると解釈されています（最高裁判例）。"
"4章：情報リテラシー・基本理念とAI社会原則","不正競争防止法に関する次の記述のうち、最も不適切なものはどれか。","不正競争防止法は、事業者間の公正な競争の促進を目的の一つとしている。","不正競争防止法で規制される「周知な商品等表示主体の混同行為」とは、他人の商品や営業表示として需要者の間で広く認識されているものと同一または類似の表示を使用するなどして、他人の商品や営業を誤解させる行為のことをさす。","不正競争防止法で規制される「著名な商品等表示の冒用行為」とは、他人の商品・営業表示として著名なものと同一または類似のものを自己の商品・営業表示として使用する行為のことである。","不正競争防止法で保護される「営業秘密」といえるためには、秘密管理性および有用性の2つの要件を満たす必要がある。","4","正解：４","（適切） 不正競争防止法は、事業者間の公正な競争の促進を目的の一つとしています。他社の営業秘密の不正な取得や利用、虚偽の広告、模倣品の販売など、競争上不正な手段を用いる行為を禁止するなど、商取引における不正行為を防止し、企業が健全な競争を行うためのルールを設定しています。","（適切） 不正競争防止法では、「周知な商品等表示主体の混同行為」が規制対象の行為の一つとされています。具体的には、他人の商品や営業表示として需要者の間で広く認識されているものと同一または類似の表示を使用するなどとして、「他人の商品や営業と誤解させる行為」を指します。","（適切） 不正競争防止法では、「著名な商品等表示の冒用行為」が規制対象の行為の一つとされています。具体的には、他人の商品・営業表示として著名なものと同一または類似のものを「自己の商品・営業表示」として使用する行為を指します。","（不適切） 不正競争防止法で保護される「営業秘密」といえるためには、秘密管理性（秘密として管理されていること）、有用性（事業活動に有用な技術上または営業上の情報であること）、非公知性（公然と知られていないこと）の3つの要件を満たす必要があります。"
"4章：情報リテラシー・基本理念とAI社会原則","AI生成物に関する権利や事実確認等に関する次の記述のうち、最も不適切なものはどれか。","AI生成物は、AIが生成したものであるため、AI生成物自体に著作権が認められることはない。","AI生成物の商用利用においては、権利者との適切な契約締結を通じて、合法的な利用が確保されていることを確認することが重要である。","AI生成物が特定の個人やブランドに関連する場合、パブリシティ権の確認が必要となる。","AI生成物には、不正確な情報や誤った情報が含まれている可能性があるため、生成AIを活用する際には、その内容が正確であることを確認するとともに、誤解を招く可能性のある虚偽の情報を広めないように注意する必要がある。","1","正解：１","（不適切） 著作権法上では、人がAIを道具として用いて画像を生成した場合等には、人による創作物として著作物性が認められる場合があるとされています。","（適切） AI生成物の商用利用が許可されている場合でも、契約やライセンスの取得が必要となる場合もあります。たとえば、AI生成物が特定の著作権または特許を含む場合や、特定の企業や団体の商標を使用する場合などです。そのため、権利者との適切な契約締結を通じて、合法的な利用が確保されていることを確認することが重要です。","（適切） AI生成物において、特定の個人やブランドの名称、イメージを商用利用する場合、パブリシティ権を確認し、その権利を保持している個人や団体から許可を得る必要があります。","（適切） AI生成物には、不正確な情報や誤った情報が含まれている可能性があります。そのため、生成AIを活用する際には、その内容が正確であることを確認するとともに、誤解を招く可能性のある虚偽の情報を広めないように注意する必要があります。たとえば、ソースを慎重に評価すること、事実確認のプロセスを行うこと、専門家の意見を参照することなどが考えられます。特に、ニュース記事や学術的な内容、重要な意思決定をサポートする情報など、高い精度が要求される分野では、AI生成の初期結果を盲信せず、追加の検証を行うことが不可欠です。"
"4章：情報リテラシー・基本理念とAI社会原則","次のうち、2019年3月に統合イノベーション戦略推進会議が決定した「人間中心のAI社会原則」において、「基本理念」とされた3つに該当しないものはどれか。","人間の尊厳が尊重される社会","産業の発展する社会","多様な背景を持つ人々が多様な幸せを追求できる社会","持続性ある社会","2","正解：２","（該当する） 人間の尊厳が尊重される社会（Dignity）は、基本理念とされています。","（該当しない） 産業の発展する社会は、基本理念とされていません。","（該当する） 多様な背景を持つ人々が多様な幸せを追求できる社会（Diversity & Inclusion）は、基本理念とされています。","（該当する） 持続性ある社会（Sustainability）は、基本理念とされています。"
"4章：情報リテラシー・基本理念とAI社会原則","2019年3月に統合イノベーション戦略推進会議が決定した「人間中心のAI社会原則」における「AI社会原則」の内容に関する次の記述のうち、最も不適切なものはどれか。","「AI社会原則」は、7つの原則からなり、具体的には、①人間中心の原則、②教育・リテラシーの原則、③プライバシー確保の原則、④セキュリティ確保の原則、⑤公正競争確保の原則、⑥公平性、説明責任および透明性の原則、⑦イノベーションの原則が該当する。","「AI社会原則」の一つである「人間中心の原則」では、AIの出力結果について、そのAIの開発・提供・利用に関わりのある各ステークホルダーが適切に分担された責任を負うべきとされる。","「AI社会原則」の一つである「教育・リテラシーの原則」では、格差や弱者を生まないために、幼児教育や初等中等教育においてリテラシー等の教育の機会が提供される必要があるとされているが、社会人や高齢者の学び直しの機会の提供までは言及されていない。","「AI社会原則」の一つである「イノベーションの原則」では、AI技術の健全な発展のため、人々のプライバシーやセキュリティが守られたうえで、あらゆる分野のデータが独占されることなく、国境を越えて有効利用できる環境が整備される必要があるとされている。","3","正解：３","（適切） AI社会原則は、7つの原則から構成されています。具体的には、①人間中心の原則、②教育・リテラシーの原則、③プライバシー確保の原則、④セキュリティ確保の原則、⑤公正競争確保の原則、⑥公平性、説明責任および透明性の原則、⑦イノベーションの原則、で構成されています。","（適切） 人間中心の原則では、AIの出力結果について、そのAIの開発・提供・利用に関わりのある各ステークホルダーが適切に分担し責任を負うべきとされています。開発者は、AIが倫理的な枠組みの中で動作するように設計する必要があります。提供者は、AIの使用が社会的な規範と法的な要件を遵守することを保証する必要があります。利用者は、AIの勧める決定や提案について最終的な判断を下し、その結果に対して責任を持つ必要があります。これにより、AIによって引き起こされた問題や失敗に対して、誰がどのように責任を負うかを明確にすることができます。","（不適切） 教育・リテラシーの原則では、格差を生まないために、幼児教育や初等中等教育においてリテラシー等の教育の機会が提供される必要があるとしています。また、これに加え、社会人や高齢者の学び直しの機会の提供が必要であることに言及があります。","（適切） イノベーションの原則では、AI技術の健全な発展のため、人々のプライバシーやセキュリティが守られたうえで、あらゆる分野のデータが独占されることなく、国境を越えて有効利用できる環境が整備される必要があるとされています。特定の国や団体にAIデータやリソースが集中することのないようにする必要があります。"
"4章：情報リテラシー・基本理念とAI社会原則","「AI利活用原則」に関する次の記述のうち、最も不適切なものはどれか。","「AI利活用原則」は、AI利活用の基本理念を踏まえ、AIの利用者が留意すべき事項を10の原則で示したものである。","「AI利活用原則」のうち「連携の原則」から、開発者およびサービスプロバイダにデータを提供する場合、データ形式の標準準拠にこだわらず、提供先ごとに適するデータ形式とすることが求められる。","「AI利活用原則」のうち「セキュリティの原則」から、利用者およびデータ提供者は、生成AIサービスにはセキュリティに関する脆弱性が存在するというリスクを認識し、自らAIセキュリティに留意し、必要な対策を講じておくことが求められる。","「AI利活用原則」のうち「尊厳・自律の原則」から、生成AIにより意思決定や感情が操作される可能性や、生成AIに過度に依存するリスクがあることを認識することが求められる。","2","正解：２","（適切） AI利活用原則は、AI利活用の基本理念を踏まえ、AIの利用者が留意すべき事項を10の原則で示したものです。利用者は原則に従い、AIを適切かつ効果的に活用することが求められています。","（不適切） 連携の原則から、開発者およびサービスプロバイダに対してデータを提供する場合は、データ形式の標準に準拠することが求められ、提供先ごとに適するよう異なるデータ形式とするのではありません。","（適切） セキュリティの原則から、利用者およびデータ提供者は、生成AIサービスにはセキュリティに関する脆弱性が存在するというリスクを認識し、自らAIセキュリティに留意し、必要な対策を講じておくことが求められます。このことは、AIシステムが大量のデータを処理し、個人情報を含む場合も多いため、サイバーセキュリティの脅威に、特に注意を払わなければならないことを意味します。利用者は、パスワードの使用、データの暗号化、アクセス権の管理といった基本的なセキュリティ対策を実施する必要があります。同時に、提供者は、自分のデータがどのように使用されるかを理解し、情報が適切に保護されるよう、契約や合意により保護を求めることが望ましいといえます。","（適切） 尊厳・自律の原則から、生成AIにより意思決定や感情が操作される可能性や、生成AIに過度に依存するリスクがあることを認識することが求められます。利用者は、AIによる分析が個人の判断や行動の自由を制限したり、人間としての尊厳を損なわないよう、批判的思考を持ち続ける必要があります。たとえば、推薦システムが提案する選択肢を無批判に受け入れるだけでなく、個人の価値観やニーズに基づいた自己決定を重視することが重要です。また、AIの提案に依存しすぎることで、スキルや独立した意思決定能力が低下する可能性も認識し、バランスの取れた使用を心掛ける必要があります。"
"5章：テキスト生成AIのプロンプト制作と実例","LMとLLMに関する次の記述のうち、最も不適切なものはどれか。","LMとは、自然言語からなる文章をコンピュータで扱うための確率モデルをいう。","LMは、ある文章が与えられたときに単語や文の並びに着目し、その文章が自然言語としてどれだけ自然であるかを評価する数学的なモデルで、文章生成や翻訳など、自然言語処理のタスクに多く応用されている。","LLMとは、Large Language Modelの略で、LMよりも非常に大規模なデータセットでトレーニングされた自然言語処理モデルである。","LLMのトレーニングでは、一般に、プレトレーニングの手法が用いられ、ファインチューニングの手法は用いられない。","4","正解：４","（適切） LMとは、「Language Model（言語モデル）」の略で、自然言語からなる文章をコンピュータで扱うための確率モデルをいいます。","（適切） LMは、ある文章が与えられたときに単語や文の並びに着目し、その文章が自然言語としてどれだけ自然であるかを評価する数学的なモデルです。文章生成や翻訳、文書の分類、質問応答など、自然言語処理のタスクに数多く応用されています。","（適切） LLMとは、「Large Language Model（大規模言語モデル）」の略で、LMと比較して非常に大規模なデータセットを用いてトレーニングされた自然言語処理モデルです。自然言語生成、文書生成、質問応答、感情分析、機械翻訳、文書分類、テキスト要約、言語モデリングといった自然言語処理タスクを高い精度で行うことができます。","（不適切） LLMのトレーニングでは、プレトレーニングとファインチューニングの2段階のトレーニングを利用して高い精度を実現しています。"
"5章：テキスト生成AIのプロンプト制作と実例","LLMに関する次の記述のうち、最も適切なものはどれか。","LLMには、TemperatureとTop-pというパラメータが設定され、これらは使用するLLMのバージョンによって異なる設定がされている。","LLMのトレーニングにおけるプレトレーニングとは、タスク特有のデータやコンテキスト（文脈）に応じた語彙や表現を学習し、タスクの性能を向上させるトレーニングプロセスをいう。","LLMのトレーニングにおけるファインチューニングとは、大量のテキストデータを使用して自然言語の知識を獲得するための学習方法であり、ラベルのないテキストデータからパターンを発見させる教師なし学習が用いられる。","ファインチューニングのステップの一つとして、ハイパーパラメータの調整が行われるが、ハイパーパラメータを調整しても、モデルの複雑さや学習の進行度合いを制御することはできない。","1","正解：１","(適切) LLMには、TemperatureとTop-pというパラメータが設定されています。これらは使用するLLMのバージョンによって異なる設定がされており、この値によって出力結果が異なる可能性があります。","(不適切) LLMのトレーニングにおけるプレトレーニングとは、大量のテキストデータを使用して自然言語の知識を獲得するための学習方法で、ラベルのないテキストデータからパターンを発見させる教師あり学習が用いられます。タスク特有のデータやコンテキスト（文脈）に応じた語彙や表現を学習し、タスクの性能を向上させるトレーニングプロセスは、ファインチューニングです。","(不適切) LLMのトレーニングにおけるファインチューニングとは、タスク特有のデータやコンテキスト（文脈）に応じた語彙や表現を学習し、タスクの性能を向上させるトレーニングプロセスをいいます。大量のテキストデータを使用して自然言語の知識を獲得するための学習方法であり、ラベルのないテキストデータからパターンを発見させる教師なし学習が用いられるのは、プレトレーニングです。","(不適切) ファインチューニングのステップの一つとして、ハイパーパラメータの調整が行われます。ハイパーパラメータとは、モデル学習前に手動で設定・調整が可能なパラメータのことです。ハイパーパラメータを調整することで、モデルの複雑さや学習の進行度合いを制御することができます。"
"5章：テキスト生成AIのプロンプト制作と実例","LLMモデルにプロンプトを入力する際、意識をすることで出力の質が向上する要素に含まれないものはどれか。","命令","文脈","入力の日付","出力指示","3","正解：３","(含まれる) 命令（Instruction）は、入力の際に意識することで、出力の質が向上する4つの要素に含まれます。","(含まれる) 文脈（Context）は、入力の際に意識することで、出力の質が向上する4つの要素に含まれます。","(含まれない) 入力の日付は、入力の際に意識することで、出力の質が向上する4つの要素に含まれません。","(含まれる) 出力指示（Output Indicator）は、入力の際に意識することで、出力の質が向上する4つの要素に含まれます。"
"5章：テキスト生成AIのプロンプト制作と実例","Zero-ShotプロンプティングおよびFew-Shotプロンプティングに関する次の記述のうち、最も不適切なものはどれか。","Zero-Shotプロンプティングとは、例示が0個の文章構成で入力を行うもので、聞きたい質問をそのまま入力し、回答を得られるための最も簡単なプロンプティングである。","Zero-Shotプロンプティングは、簡単なタスクであれば信頼性の高い回答を得られるが、タスクが複雑な場合などは、信頼性が低くなることがある。","Few-Shotプロンプティングとは、例文を2〜3個入力して質問を行うことで、より望ましい回答を得ることを可能とするプロンプティングである。","Few-Shotプロンプティングは、生成AIがプロンプトで提示された文章を学習して出力する性質があることを利用しており、これにより、偏見性の担保された回答が得られる。","4","正解：４","(適切) Zero-Shotプロンプティングとは、例示（Shot）が0個の文章構成で入力を行うものです。聞きたい質問をそのまま入力して回答を得るだけの、最も簡単なプロンプティングです。","(適切) Zero-Shotプロンプティングは、簡単なタスクであれば信頼性の高い回答を得られます。しかし、タスクが複雑な場合や一意に定まらない回答が欲しい場合は、信頼性が低くなることもあります。","(適切) Few-Shotプロンプティングとは、例示（Shot）を2～3個入力して質問を行うことで、より望ましい回答を得ることを可能とするプロンプティングです。","(不適切) Few-Shotプロンプティングは、生成AIがプロンプトで提示された文章を学習して出力する性質があることを利用しています。これにより、Zero-Shotプロンプティングよりも、より望ましい出力（回答）を得ることができます。しかし、その出力は、倫理性が担保されているわけではありません。"
"5章：テキスト生成AIのプロンプト制作と実例","テキスト生成AIを用いたビジネス応用に関する次の記述のうち、最も不適切なものはどれか。","テキスト生成AIを用いれば、相手に伝えるべき要件を入力することで、趣旨に合うメール文を作成することができる。","テキスト生成AIは、機械学習の過程で入力した情報を収集し、改善に役立てているため、入力したデータにプライバシーに関する事項が含まれる場合、第三者に漏洩する可能性がある。","テキスト生成AIは、大量のデータセットで学習しているため、生成するビジネス文書に誤解や誤訳が生じることはない。","テキスト生成AIを用いれば、メモやメールなどの文章から一瞬でタスクを抽出できるが、文章からすべてのタスクを抽出することができるとは限らない。","3","正解：３","(適切) テキスト生成AIを用いれば、相手に伝えるべき要件を入力することで、趣旨に合うメール文を作成することができます。その際、伝えるべき内容をできるだけ詳しく設定することで、より趣旨に合うメール文に近づきます。","(適切) テキスト生成AIは、機械学習の過程で入力した情報を収集し、改善に役立てています。そのため、入力したデータにプライバシーに関する事項が含まれる場合、第三者に漏洩するリスクがあります。機密性の高い情報や個人情報をAIに入力する際には、特に注意が必要です。","(不適切) テキスト生成AIは、トレーニングデータから学習するため、そのデータが偏っていたり不完全だったりすると、出力も不正確になります。また、AIは基本的に機械であるため、人間の伝えたいニュアンスを完全に理解することはできません。したがって、生成するビジネス文書に誤解や誤訳が生じる可能性もあります。","(適切) テキスト生成AIを用いれば、メモやメールなどの文章から一瞬でタスクを抽出できます。しかし、AIが文脈を完全に理解し、すべての暗黙の指示や含みを捉えることが常に可能ではないため、文章からすべてのタスクを抽出することができるとは限りません。また、文章の中に曖昧さが存在したり、特定の業界や専門分野に特有の言い回しが使われたりしている場合、正確なタスクの抽出が難しいことがあります。そのため、AIによるタスクの抽出は、あくまで支援ツールとして利用し、最終的な確認は人間が行うことが重要です。"
"5章：テキスト生成AIのプロンプト制作と実例","AIの得意・不得意なタスクに関する次の記述のうち、最も適切なものはどれか。","GPT-3.5の場合、正確な文字数の指定は得意であるとされている。","使用する生成AIソフトによって、最新の情報が「いつまでの情報なのか」は異なるが、学習データが最新の情報に追いついていない場合は、出力できなかったり、不正確な情報が出力されたりする。","GPT-3.5の場合、計算は得意とされている。","AIは、大量のデータセットで学習しているため、絵画や音楽など芸術の批評も得意であるとされている。","2","正解：２","(不適切) GPT-3.5の場合、正確な文字数の指定は不得意であるとされています。正確な文字数での出力は難しく、意図していない出力になってしまう場合があるため、プロンプト中で「詳しく」や「わかりやすく」といった言葉を追加する必要があります。","(適切) 使用する生成AIソフトによって、最新の情報が「いつまでの情報なのか」は異なりますが、学習データが最新の情報に追いついていない場合は、出力できなかったり、不正確な情報が出力されたりします。AIは、トレーニングされた時点のデータセットに基づいて情報を生成するため、その後の事象や知識の更新が学習データに含まれていなければ、それを認識できず、古い情報に基づいた結果を提供してしまう可能性があります。特に、速いペースで情報が変化する分野や、日々更新が必要な情報については、AI生成物の内容が現状に即していないことがしばしばあります。そのため、最新の情報を反映させるためには、定期的なデータ更新と再トレーニングが不可欠です。","(不適切) GPT-3.5の場合、計算は不得意とされており、誤った回答をすることもあります。","(不適切) AIは、独自の思考や感情を持たないため、絵画や音楽など感性が必要な芸術の批評は不得意とされています。"
